Local.Authority.Code,Petrol2024Q2,Diesel2024Q2,Hybrid2024Q2,BEV2024Q2,PHEV2024Q2,TotalCars,Petrol,Diesel,Hybrid,BEV,PHEV,Local.Authority,link_length_km,link_length_miles,cars_and_taxis,all_motor_vehicles,PetrolMile,DieselMile,HybridMile,BEVMile,PHEVMile,PetrolCO2e,DieselCO2e,HybridCO2e,BEVCO2e,PHEVCO2e,BaseCO2e,pCarBaseCO2e,pCarAnnMile,pBEVAnnCO2e,pHyVAnnCO2e,reduceCO2pBEVcc,reduceCO2pHyVc
E06000047,133500,100800,11200,4075,1849,251424,0.530975563,0.40091638,0.044546264,0.016207681,0.007354111,Durham,3850.46,2392.56,2091600000,2791700000,1110588488,838556701,93172966.78,33899985.68,15381858.53,294006090.4,229211088.7,18902931.5,2588263.907,2675212.836,547383587.3,2177.133397,8319.014891,635.1567869,1687.761741,1541.976611,489.3716563
E06000005,33600,20000,3900,975,493,58968,0.56980057,0.339167006,0.066137566,0.016534392,0.008360467,Darlington,559.5,347.66,408900000,525600000,232991453,138685388.7,27043650.79,6760912.698,3418594.831,61679827.35,37908264.14,5486615.873,516195.6845,594562.013,106185465.1,1800.730312,6934.269434,529.4314713,1406.824583,1271.298841,393.9057296
E06000001,22300,17400,1500,547,262,42009,0.53083863,0.414196958,0.035706634,0.013021019,0.006236759,Hartlepool,411.94,255.97,323400000,411400000,171673212.9,133951296.2,11547525.53,4210997.643,2016967.793,45447049.65,36614247.29,2342761.98,321509.6701,350791.0385,85076359.62,2025.19364,7698.350353,587.7690495,1561.84132,1437.424591,463.3523203
E06000002,32800,24200,2800,660,370,60830,0.539207628,0.397830018,0.046029919,0.01084991,0.006082525,Middlesbrough,566.26,351.86,655200000,806300000,353288837.7,260658227.8,30158803.22,7108860.759,3985270.426,93526154.02,71248320,6118617.998,542761.519,693118.2325,172128971.8,2829.672395,10771.00115,822.3659379,2185.220713,2007.306457,644.4516812
E06000057,93400,63700,7800,3345,1712,169957,0.549550769,0.374800685,0.045893961,0.019681449,0.010073136,Northumberland,4995.41,3104,1554800000,2043100000,854441535.2,582740104.9,71355931.21,30600716.65,15661712.08,226196307.6,159286180.3,14476691.32,2336364.716,2723884.965,405019428.9,2383.070005,9148.196308,698.4647882,1855.986067,1684.605217,527.0839382
E06000003,37600,25800,2600,772,324,67096,0.560391081,0.384523668,0.038750447,0.011505902,0.004828902,Redcar and Cleveland,661.52,411.05,477800000,592500000,267754858.7,183725408.4,18514963.63,5497519.971,2307249.314,70882743.75,50219503.12,3756315.822,419735.6498,401276.8008,125679575.1,1873.130666,7121.139859,543.6990283,1444.736855,1329.431637,428.393811
E06000004,53600,35700,4500,1653,760,96213,0.557097274,0.371051729,0.046771226,0.01718063,0.00789914,Stockton-on-Tees,862.2,535.75,720200000,906600000,401221456.6,267231455.2,33684637.21,12373490.07,5688960.951,106215356.2,73045045.97,6833939.197,944715.9668,989424.0886,188028481.4,1954.293925,7485.474936,571.5160113,1518.653155,1382.777914,435.6407701
E08000037,46500,28400,3900,1389,591,80780,0.575637534,0.351572171,0.048279277,0.01719485,0.007316167,Gateshead,912.94,567.27,8.54E+08,1080500000,491594454.1,300242634.3,41230502.6,14684402.08,6248006.932,130139799.8,82068321.66,8364844.367,1121154.099,1086653.366,222780773.3,2757.87043,10571.92374,807.1663778,2144.831889,1950.704052,613.0385408
E08000021,58100,37300,5200,2137,1014,103751,0.559994602,0.359514607,0.050119999,0.020597392,0.0097734,Newcastle upon Tyne,1006.82,625.61,886400000,1080700000,496379215.6,318673747.7,44426366.97,18257528.12,8663141.56,131406469.8,87106282.2,9013221.332,1393962.272,1506693.58,230426629.1,2220.958151,8543.532111,652.2986766,1733.311795,1568.659474,487.6463565
E08000022,56100,30500,4400,1744,820,93564,0.599589586,0.325980078,0.047026634,0.018639648,0.008764055,North Tyneside,816.67,507.46,6.83E+08,830700000,409519687.1,222644393.1,32119191.14,12730879.4,5985849.258,108412146.8,60857618.42,6516341.499,972002.642,1041058.903,177799168.2,1900.294646,7299.816169,557.3409645,1480.986704,1342.953681,419.3079413
E08000023,35800,22400,2600,1011,527,62338,0.574288556,0.359331387,0.041708107,0.016218037,0.008453913,South Tyneside,572.61,355.8,410700000,511500000,235860309.9,147577400.6,17129519.72,6660747.858,3472021.881,62439299.85,40338806.69,3475236.96,508548.099,603854.0455,107365745.6,1722.316174,6588.276814,503.0149347,1336.6296,1219.301239,385.6865738
E08000024,67200,43700,5100,1872,792,118664,0.566304861,0.368266703,0.042978494,0.015775635,0.006674307,Sunderland,1187.36,737.79,867300000,1086700000,491156205.8,319397711.2,37275247.76,13682208.59,5788626.711,130023782.4,87304170.38,7562402.265,1044636.626,1006757.958,226941749.6,1912.473451,7308.872109,558.0323856,1482.823974,1354.441065,429.6494773
E06000008,32500,26700,4000,1009,642,64851,0.501148787,0.411713004,0.061679851,0.015558742,0.009899616,Blackburn with Darwen,530.54,329.66,348200000,433200000,174500007.7,143358467.9,21476924.03,5417554.086,3447046.306,46195387.04,39185603.61,4357238.346,413630.2544,599510.2936,90751369.54,1399.382732,5369.231006,409.9407873,1089.309587,989.4419445,310.0731453
E06000009,34400,19600,3300,781,336,58417,0.588869678,0.33551877,0.056490405,0.013369396,0.00575175,Blackpool,446.99,277.75,275400000,328200000,162174709.4,92401869.32,15557457.59,3681931.629,1584032.045,42932510.82,25257126.96,3156296.996,281115.4799,275494.8533,71902545.11,1230.849669,4714.381088,359.942996,956.4536351,870.9066729,274.3960339
E06000049,136200,73500,11700,5908,4276,231584,0.588123532,0.317379439,0.050521625,0.025511262,0.018464143,East Cheshire,2753.7,1711.07,2198800000,2.96E+09,1293166022,697853910.5,111086949,56094161.95,40598956.75,342339841,190751387.9,22537320.22,4282789.265,7060970.558,566972308.9,2448.2361,9494.611027,724.9135519,1926.266685,1723.322548,521.9694145
E06000050,113400,67600,8700,4208,2350,196258,0.577810841,0.344444558,0.044329403,0.021441164,0.011974034,West Cheshire,2307.62,1433.89,1922500000,2507300000,1110841341,662194662.1,85223277.52,41220638.14,23020080.71,294073028.3,181004288.9,17290098.54,3147195.722,4003652.437,499518264,2545.212241,9795.779026,747.9077286,1987.367649,1797.304512,557.8445922
E06000006,37100,22300,2900,2120,502,64922,0.571454977,0.34348911,0.044668987,0.03265457,0.007732356,Halton,598.95,372.17,495600000,6.34E+08,283213086.5,170233202.9,22137950.16,16183604.94,3832155.51,74975000.38,46531543.69,4491347.328,1235618.237,666488.4862,127899998.1,1970.056346,7633.775916,582.8387912,1548.740458,1387.217555,421.3158886
E06000007,66500,36500,6100,2530,1336,112966,0.588672698,0.323106067,0.053998548,0.022396119,0.011826567,Warrington,1008.94,626.93,1.28E+09,1.72E+09,753501053.4,413575766.2,69118141.74,28667032.56,15138006.13,199474333.9,113046799.9,14022688.6,2188727.936,2632802.025,331365352.4,2933.319338,11330.84291,865.1098561,2298.801409,2068.209482,634.5179288
E10000006,140500,108800,12700,3518,2233,267751,0.524741271,0.406347689,0.047432129,0.013139073,0.008339838,Cumbria,7969.77,4952.19,2658100000,3.72E+09,1394814772,1080112791,126079342.4,34924970.59,22168123.74,369249314.6,295238030.4,25578976.98,2666521.504,3855480.081,696588323.5,2601.627346,9927.507274,757.9651803,2014.092676,1843.662166,587.5346704
E08000001,73400,43900,10700,2101,1375,131476,0.558276796,0.333901244,0.081383675,0.015980103,0.010458182,Bolton,1002.28,622.79,1036700000,1299200000,578765554.2,346155420,84370455.44,16566572.61,10841997.78,153216605.2,94618122.5,17117078,1264857.818,1885640.254,268102303.7,2039.172957,7885.089294,602.0265676,1599.726916,1437.14639,439.4460413
E08000002,62300,29500,9500,2099,1564,104963,0.593542486,0.281051418,0.090508084,0.019997523,0.014900489,Bury,602.46,374.35,781600000,1018800000,463912807.4,219669788.4,70741118.3,15630063.93,11646222,122811637.5,60044539.96,14351958.08,1193355.381,2025510.931,200427001.8,1909.501461,7446.433505,568.5351981,1510.73243,1340.966263,398.7690315
E08000003,99000,59000,12600,4043,1625,176268,0.561644768,0.334717589,0.071482061,0.022936665,0.009218917,Manchester,1406.77,874.13,1382500000,1677800000,776473892,462747067,98823949.89,31709938.84,12745152.27,205555933.4,126487283.3,20049402.95,2421053.831,2216636.882,356730310.4,2023.795076,7843.170627,598.8260773,1591.222457,1424.968998,432.5726189
E08000004,56500,33900,6300,1472,989,99161,0.569780458,0.341868275,0.063533042,0.014844546,0.009973679,Oldham,832.16,517.08,585600000,726100000,333663436.2,200198061.7,37204949.53,8692965.985,5840586.521,88330721.47,54722138.2,7548140.16,663707.9529,1015794.808,152280502.6,1535.68946,5905.547544,450.888555,1198.117486,1084.800905,337.5719748
E08000005,53800,34500,6400,1489,1003,97192,0.553543502,0.354967487,0.065849041,0.015320191,0.010319779,Rochdale,789.98,490.87,819500000,1112200000,453628899.5,290895855.6,53963289.16,12554896.49,8457059.223,120089178.6,79513473.18,10948072.1,958566.3473,1470851.74,212980141.9,2191.33408,8431.763931,643.7651761,1710.636266,1547.568904,480.6978139
E08000006,59800,32700,5500,1735,1048,100783,0.593354038,0.324459482,0.054572696,0.017215205,0.010398579,Salford,816.45,507.32,1071500000,1427800000,635778851.6,347658335.2,58474643.54,18446092.1,11142077.53,168309735.4,95028929.35,11863335.68,1408359.132,1937830.125,278548189.7,2763.841022,10631.75337,811.7343699,2156.970124,1952.106652,606.8708976
E08000007,123000,64000,23200,91190,48526,349916,0.351512935,0.182901039,0.066301627,0.260605402,0.138678997,Stockport,988.11,613.98,993800000,1224700000,349333554.3,181767052.7,65890556.59,258989648.9,137819187.5,92479071.84,49684206.18,13367876.12,19773859.7,23969513.08,199274526.9,569.4924694,2840.110198,216.8424136,576.2015569,352.6500558,-6.709087562
E08000008,60900,33400,5700,1351,836,102187,0.595966219,0.326851752,0.055780089,0.01322086,0.00818108,Tameside,769.03,477.85,601200000,7.60E+08,358294890.7,196503273.4,33534989.77,7948380.91,4918465.167,94851406.43,53712204.75,6803578.725,606858.8824,855419.4618,156829468.2,1534.730134,5883.331539,449.192363,1193.610303,1085.537771,341.1198318
E08000009,67600,34000,6600,2798,1785,112783,0.599381112,0.301463873,0.058519458,0.024808703,0.015826853,Trafford,822.67,511.18,790500000,969100000,473810769.4,238307191.7,46259631.33,19611280.07,12511127.56,125431925,65138887.78,9385154.004,1497321.233,2175935.306,203629223.3,1805.495716,7009.03505,535.139826,1421.993031,1270.35589,383.5026847
E08000010,93200,56400,7600,2389,1352,160941,0.579094202,0.350438981,0.047222274,0.014843949,0.008400594,Wigan,1179.06,732.63,948800000,1.22E+09,549444579.1,332496504.9,44804493.57,14083938.83,7970483.593,145454463.4,90884594.66,9089935.656,1075308.73,1386226.507,247890529,1540.257169,5895.328102,450.1083006,1196.044165,1090.148868,344.2130033
E10000017,342800,229600,29700,11231,6116,619447,0.55339682,0.370653179,0.047945991,0.018130688,0.009873322,Lancashire,7098.67,4410.91,5531300000,7166900000,3061003831,2050193931,265203657.5,100286271.9,54612308.72,810339544.1,560400009.1,53804518.02,7656856.863,9498172.733,1441699101,2327.397018,8929.416076,681.7609174,1811.599933,1645.636101,515.7970849
E08000011,37100,22700,3200,1038,615,64653,0.573832614,0.35110513,0.049494996,0.016054939,0.00951232,Knowsley,601.48,373.74,770500000,9.89E+08,442138029.2,270526503,38135894.7,12370330.84,7329242.263,117047200.5,73945714.34,7737010.317,944474.7599,1274701.814,200949101.7,3108.117206,11917.46709,909.8986126,2417.815724,2198.218593,690.3014816
E08000012,97000,53700,8900,2514,1436,163550,0.593090798,0.328339957,0.054417609,0.015371446,0.00878019,Liverpool,1431.13,889.26,1104600000,1346900000,655128095.4,362684316.7,60109691.23,16979299.3,9698597.371,173432060.7,99136131.13,12195054.16,1296369.501,1686780.055,287746395.5,1759.378756,6753.897891,515.6601039,1370.230804,1243.718652,389.1479519
E08000014,75300,41800,7100,1987,1152,127339,0.591334941,0.328257643,0.055756681,0.015604018,0.009046718,Sefton,999.33,620.95,587400000,730500000,347350144.1,192818539.5,32751474.41,9165799.951,5314042.045,91954003.65,52705019.58,6644619.128,699808.8263,924218.1925,152927669.4,1200.949194,4612.88372,352.193672,935.8618491,848.7555217,265.0873446
E08000013,53000,29400,4200,1371,722,88693,0.597566888,0.3314805,0.047354357,0.015457815,0.008140439,St. Helens,745.87,463.46,636300000,843800000,380231810.9,210921042.2,30131577.46,9835807.786,5179761.65,100658767.3,57653157.69,6113094.436,750963.9245,900864.1461,166076847.5,1872.491036,7174.18511,547.7490332,1455.498675,1324.742003,416.9923611
E08000015,95000,48800,7600,2569,1295,155264,0.611861088,0.31430338,0.048948887,0.016546012,0.008340633,Wirral,1218.35,757.05,903100000,1099900000,552571748.8,283847382.5,44205739.9,14942703.4,7532425.417,146282319.1,77586843.54,8968460.511,1140875.404,1310039.429,235288537.9,1515.409483,5816.544724,444.0931897,1180.060594,1071.316293,335.3488892
E06000011,105100,74000,8600,3196,2182,193078,0.544339593,0.383264795,0.044541584,0.016552896,0.011301132,East Riding of Yorkshire,3495.82,2172.2,1701300000,2301300000,926084950.1,652048394.9,75778597.25,28161441.49,19226616.19,245162468.8,178230908.3,15373961.81,2150126.058,3343893.087,444261358.1,2300.942407,8811.464797,672.7553372,1787.669978,1628.18707,513.2724292
E06000010,56600,39000,3200,1113,677,100590,0.562680187,0.387712496,0.031812307,0.011064718,0.006730291,"Kingston upon Hull, City of",759.57,471.97,578600000,736700000,325566756.1,224330450.3,18406601.05,6402045.929,3894146.535,86187287.35,61318485.3,3734331.222,488796.2067,677269.9654,152406170,1515.122478,5752.062829,439.169997,1166.978507,1075.952481,348.143971
E06000012,41500,27100,3400,982,630,73612,0.563766777,0.368146498,0.046188122,0.013340216,0.008558387,North East Lincolnshire,647.9,402.59,473600000,602700000,266999945.7,174354181.4,21874694.34,6317926.425,4053252.187,70682895.61,47657971.94,4437937.988,482373.6826,704941.6204,123966120.8,1684.047721,6433.73363,491.2155627,1305.275879,1192.832158,378.7718422
E06000013,44700,40600,3600,1326,931,91157,0.490362781,0.445385434,0.039492304,0.014546332,0.010213149,North Lincolnshire,1428.34,887.53,779400000,1139900000,382188751.3,347133407.2,30780302.12,11337411.28,7960128.131,101176828.1,94885445.52,6244707.693,865611.3512,1384425.484,204557018.2,2244.007791,8550.083921,652.7989074,1734.641026,1591.208883,509.3667648
E06000014,50500,27200,4800,1820,1023,85343,0.591729843,0.318713896,0.056243629,0.021325709,0.011986923,York,813.89,505.73,654900000,823300000,387523874.2,208725730.3,36833952.4,13966206.95,7850236.106,102589195.2,57053091.12,7472872.264,1066319.901,1365313.064,169546791.6,1986.651413,7673.740084,585.8900554,1556.848388,1400.761358,429.8030251
E10000023,187100,129800,17000,7570,5169,346639,0.539754615,0.374452961,0.049042375,0.021838281,0.014911767,North Yorkshire,8732.13,5425.89,3929400000,5384700000,2120911784,1471375466,192707110.3,85811342.64,58594297.24,561468976.7,402185769.8,39096418.53,6551696.01,10190720.18,1019493581,2941.08159,11335.71237,865.4816394,2299.789325,2075.59995,641.2922641
E08000016,62200,50500,5300,1935,1043,120978,0.514143067,0.417431268,0.043809618,0.015994644,0.008621402,Barnsley,1199.75,745.49,9.48E+08,1.26E+09,487407627.8,395724842.5,41531518.13,15162922.18,8173089.322,129031421.3,108167428.5,8425914.398,1157689.109,1421463.695,248203917,2051.645067,7836.135496,598.2889451,1589.795169,1453.356122,461.8498981
E08000017,73100,68300,7500,4157,2226,155283,0.470753399,0.439842095,0.048298912,0.026770477,0.014335117,Doncaster,1690.01,1050.12,1536500000,2151300000,723312597,675817378.6,74211278.76,41132838.11,22025907.54,191482543.8,184727922.3,15055984.24,3140492.19,3830745.839,398237688.3,2564.592958,9894.837168,755.4708178,2007.464565,1809.12214,557.1283935
E08000018,67300,55200,6000,2100,1136,131736,0.510870225,0.419019858,0.045545637,0.015940973,0.008623307,Rotherham,1191.67,740.47,1159800000,1576200000,592507287.3,485979231.2,52823829.48,18488340.32,10001311.71,156854454.2,132837563.1,10716898.52,1411584.783,1739428.133,303559928.7,2304.305039,8803.97158,672.1832301,1786.149754,1632.121809,518.1552853
E08000019,129400,82100,13000,4793,3864,233157,0.554990843,0.352123247,0.055756422,0.020556964,0.016572524,Sheffield,1971.13,1224.8,1366800000,1741900000,758561484.3,481282054.6,76207877.1,28097258.07,22651325.93,200813981.7,131553636.8,15461054.11,2145225.654,3939518.606,353913416.9,1517.9189,5862.144392,447.5747243,1189.311854,1070.344175,328.6070455
E08000032,114600,86200,16300,3421,2592,223113,0.51364107,0.386351311,0.07305715,0.015333038,0.011617432,Bradford,1823.72,1133.21,1193200000,1477400000,612876524.5,460994384,87171791.87,18295380.37,13861919.3,162246802.3,126008204.9,17685413.14,1396852.291,2410865.004,309748137.7,1388.301613,5347.962692,408.3169515,1084.994671,979.984661,303.3069417
E08000033,55100,33300,4600,1585,1189,95774,0.575312715,0.347693529,0.048029737,0.016549377,0.012414643,Calderdale,1152.15,715.91,709700000,943400000,408299434.1,246758097.2,34086704.12,11745092.61,8810671.999,108089109.2,67448858.29,6915510.531,896737.8211,1532352.074,184882567.9,1930.404576,7410.153069,565.7651868,1503.371855,1364.63939,427.0327218
E08000034,113400,72400,11200,3309,2392,202701,0.559444699,0.357176334,0.055253797,0.016324537,0.011800632,Kirklees,1922.79,1194.77,1290300000,1.71E+09,721851495.6,460864623.3,71293974.87,21063550.25,15226356.06,191095746.4,125972736.1,14464121.62,1608202.062,2648167.846,335788974.1,1656.572854,6365.53347,486.0084805,1291.43943,1170.564373,365.1334235
E08000035,218400,116900,36500,40217,20813,432830,0.504586096,0.270082942,0.08432872,0.092916387,0.048085854,Leeds,2938.5,1825.9,3202900000,4162400000,1616138807,865048656.5,270096458.2,297601897.5,154014180.4,427840426.5,236452399.8,54797169.44,22721904.88,26786146.25,768598046.8,1775.750403,7399.902964,564.9825913,1501.292313,1210.767811,274.4580894
E08000036,92900,68800,7600,2851,1798,173949,0.534064582,0.395518227,0.043690967,0.016389861,0.010336363,Wakefield,1492.45,927.37,1382800000,1868700000,738504504.2,546922603.8,60415869.02,22663900.34,14293122.7,195504297.4,149495824.5,12257171.51,1730388.791,2485859.899,361473542.1,2078.043232,7949.45645,606.9409999,1612.785725,1471.102232,465.2575071
E06000015,63200,43600,6200,2979,2555,118534,0.533180353,0.367826953,0.052305668,0.02513203,0.021554997,Derby,780.99,485.28,1006200000,1195800000,536486071.5,370107479.7,52629962.71,25287848.21,21688637.86,142023957.7,101165178.5,10677566.83,1930727.211,3772087.896,259569518.2,2189.831763,8488.703663,648.1125247,1722.188199,1541.719238,467.6435635
E06000016,90800,51100,13900,2954,5373,164127,0.553230121,0.311344264,0.084690514,0.017998257,0.032736844,Leicester,834.73,518.68,839200000,1011900000,464270717.2,261280106.3,71072279.39,15104137.65,27472759.51,122906387,71418304.24,14419144.04,1153200.91,4778062.334,214675098.5,1307.981615,5113.113625,390.3862253,1037.348492,917.5953895,270.6331225
E06000061,107600,76700,8400,4953,3890,201543,0.533881107,0.380563949,0.041678451,0.024575401,0.019301092,North Northamptonshire,1887.91,1173.09,1699800000,2253900000,907491106.1,646882600.7,70845030.59,41773266.25,32807996.31,240240120.5,176818890.1,14373039.81,3189388.878,5705966.718,440327406,2184.781441,8433.932213,643.9307245,1711.076167,1540.850717,473.7052739
E06000018,55600,37400,6900,1791,1014,102705,0.541356312,0.364149749,0.067182708,0.017438294,0.009872937,Nottingham,798.62,496.24,845900000,1050800000,457933304.1,308034272.9,56829852.49,14751053.02,8351517.453,121228683.6,84198088.16,11529640.47,1126242.898,1452495.915,219535151,2137.531289,8236.210506,628.8346721,1670.962387,1508.696617,466.5689017
E06000017,12900,8500,1000,522,414,23336,0.552793966,0.364244086,0.042852245,0.022368872,0.01774083,Rutland,559.61,347.73,3.09E+08,425900000,170813335.6,112551422.7,13241343.85,6911981.488,5481916.352,45219414.34,30764805.88,2686403.84,527729.7866,953414.892,80151768.74,3434.683268,13241.34385,1010.976603,2686.40384,2423.706665,748.2794282
E06000062,126000,86400,11600,4609,2892,231501,0.544274107,0.37321653,0.050107775,0.019909201,0.012492387,West Northamptonshire,2623.21,1629.99,2672100000,3710900000,1454354841,997271890.8,133892985.3,53199376.68,33380906.35,385011357,272594298.6,27164208.87,4061772.409,5805607.232,694637244.2,3000.579886,11542.49874,881.2697785,2341.742144,2119.310107,658.8377422
E10000007,245200,163800,21400,8866,5637,444903,0.55113137,0.36817014,0.048100372,0.019927939,0.012670178,Derbyshire,5673.39,3525.28,4100500000,5418700000,2259914184,1509681661,197235577.2,81714515.3,51954063.02,598267081.8,412656385.2,40015153.9,6238903.243,9035850.641,1066213375,2396.507497,9216.615757,703.688613,1869.867005,1692.818884,526.640492
E10000018,226900,151500,17700,9300,6735,412135,0.550547757,0.367597996,0.042947093,0.022565422,0.016341733,Leicestershire,4707.37,2925.02,3839200000,5218400000,2113662950,1411282225,164882477.8,86633166.32,62739180.12,559549992.8,385759883.5,33451357.1,6614442.248,10911598.21,996287273.9,2417.380892,9315.394228,711.2303493,1889.907181,1706.150543,527.473711
E10000019,219300,172500,18000,6756,4297,420853,0.521084559,0.409881835,0.042770278,0.016053111,0.010210216,Lincolnshire,8943.8,5557.42,3.14E+09,4272200000,1636205516,1287028963,134298674.4,50406769.11,32060077.98,433152686.2,351796496.6,27246515.05,3848556.822,5575888.763,821620143.5,1952.273462,7461.037464,569.6502104,1513.695281,1382.623252,438.5781817
E10000024,239600,159000,20500,8676,4899,432675,0.553764373,0.367481366,0.047379673,0.020052002,0.011322586,Nottinghamshire,4494.42,2792.7,3.60E+09,4814100000,1993551742,1322932917,170566822.7,72187207.49,40761310.45,527752952.7,361610483.6,34604596.98,5511493.292,7089207.114,936568733.7,2164.600991,8320.332813,635.2574103,1688.029121,1529.34358,476.5718696
E06000019,59300,44300,4000,1963,1205,110768,0.535353171,0.399934999,0.036111512,0.017721725,0.010878593,"Herefordshire, County of",3344.82,2078.37,880100000,1221800000,471164325.4,351982792.9,31781742.02,15596889.9,9574249.783,124731331.9,96210976.6,6447879.821,1190822.544,1665153.522,230246164.4,2078.634302,7945.435505,606.6340008,1611.969955,1472.000301,466.6643468
E06000051,98600,74000,7100,3116,1955,184771,0.533633525,0.400495749,0.038425943,0.016864118,0.010580665,Shropshire,5182.43,3220.21,1562800000,2135300000,833962472.5,625894756.2,60052064.45,26355244.06,16535462.82,220774885.3,171082072.7,12183362.84,2012222.884,2875847.693,408928391.4,2213.163275,8458.037246,645.7711437,1715.966596,1567.392131,497.1966781
E06000021,64700,42200,6100,1682,820,115502,0.56016346,0.365361639,0.052812938,0.014562518,0.007099444,Stoke-on-Trent,884.54,549.63,683600000,852300000,382927741.5,249761216.3,36102924.62,9954937.577,4853180.032,101372461,68269730.85,7324561.348,760059.484,844065.0711,178570877.8,1546.041434,5918.512234,451.878409,1200.747762,1094.163025,345.2936725
E06000020,51700,37900,4500,1696,844,96640,0.534975166,0.392177152,0.04656457,0.017549669,0.008733444,Telford and Wrekin,1081.78,672.19,7.34E+08,937400000,392671771.5,287858029.8,34178394.04,12881456.95,6410347.682,103951998.1,78683113.87,6934112.583,983499.2384,1114887.669,191667611.4,1983.315516,7595.198675,579.8934189,1540.913907,1403.422097,442.4016084
E10000028,273400,173700,22400,8887,5460,483847,0.565054656,0.358997782,0.046295627,0.018367376,0.011284559,Staffordshire,6304.82,3917.63,4414800000,5976600000,2494603294,1584903410,204385931.9,81088293.61,49819070.9,660396330,433217498,41465817.87,6191091.217,8664532.812,1149935270,2376.650615,9124.371961,696.6457992,1851.152583,1680.004815,525.4980312
E10000031,197000,115700,15200,7506,4496,339902,0.57957882,0.340392231,0.044718772,0.022082836,0.013227342,Warwickshire,4330.69,2690.97,4.51E+09,6075700000,2613900477,1535168960,201681661.2,99593588.74,59655312.41,691977873.3,419623083.7,40917175.42,7603970.5,10375251.93,1170497355,3443.631855,13268.53034,1013.052292,2691.919436,2430.579564,751.7124196
E08000025,260900,127700,27100,6182,4005,425887,0.612603813,0.299844795,0.063631902,0.014515587,0.009403903,Birmingham,2577.6,1601.65,2949100000,3617600000,1806629904,884272283.5,187656843.2,42807919,27733050.08,478269134.5,241706986,38071820.36,3268384.616,4823332.07,766139657.5,1798.927081,6924.606762,528.6937263,1404.86422,1270.233354,394.0628607
E08000026,83100,52800,7200,2223,2215,147538,0.563244723,0.357873904,0.048800987,0.015067305,0.015013081,Coventry,895.38,556.36,982600000,1202800000,553444265.2,351646897.7,47951849.69,14805133.59,14751853.76,146513300.3,96119163.03,9728471.266,1130371.95,2565642.406,256056949,1735.532195,6659.979124,508.4894061,1351.176565,1227.042789,384.3556303
E08000027,98200,52300,7600,2311,1518,161929,0.606438624,0.32298106,0.04693415,0.014271687,0.009374479,Dudley,1042.39,647.71,836200000,1051900000,507103977.7,270076762,39246336.36,11933984.65,7838939.288,134245636,73822782.14,7962296.72,911159.7278,1363348.321,218305222.9,1348.153962,5163.991626,394.2707606,1047.670621,953.8832014,300.4833409
E08000028,78000,50800,6800,1587,1213,138400,0.563583815,0.367052023,0.049132948,0.011466763,0.008764451,Sandwell,853.51,530.35,1009400000,1333600000,568881502.9,370502312.1,49594797.69,11574550.58,8846836.705,150600000.3,101273102,10061792.55,883716.9366,1538641.84,264357253.6,1910.095763,7293.352601,556.8474711,1479.675376,1353.248292,430.4203872
E08000029,72700,34900,7300,6064,3046,124010,0.586243045,0.281428917,0.05886622,0.048899282,0.024562535,Solihull,878.8,546.06,1124500000,1439100000,659230304,316466817.2,66195064.91,54987242.96,27620570.92,174518038.4,86503039.81,13429654.77,4198276,4803769.695,283452778.7,2285.725173,9067.817112,692.3278365,1839.678736,1593.397336,446.046437
E08000030,71500,47100,5500,1590,1136,126826,0.563764528,0.371374955,0.043366502,0.012536862,0.008957154,Walsall,880.24,546.96,749300000,997400000,422428760.7,278271253.5,32494520.05,9393870.342,6711595.414,111829565.8,76062664.44,6592488.228,717222.0006,1167280.674,196369221.2,1548.335682,5908.094555,451.0830193,1198.634223,1097.252662,349.7014583
E08000031,63700,44500,5600,1530,997,116327,0.547594282,0.382542316,0.048140157,0.013152579,0.008570667,Wolverhampton,743.86,462.21,571900000,706900000,313169169.7,218775950.6,27531355.58,7521959.648,4901564.555,82905274.29,59800218.32,5585561.419,574301.6191,852480.1074,149717835.8,1287.042868,4916.313496,375.3605354,997.421682,911.682333,289.6211864
E10000034,210600,121700,15600,7949,5199,361048,0.583301943,0.337074295,0.043207551,0.022016463,0.014399747,Worcestershire,4277.79,2658.1,3382500000,4472200000,1973018823,1140153802,146149542.4,74470686.72,48707145.59,522317273,311649640.3,29650819.17,5685836.931,8471146.761,877774716.2,2431.185649,9368.560413,715.2895875,1900.693537,1715.896061,530.4921124
E06000055,56200,32200,7600,2160,1503,99663,0.563900344,0.323088809,0.076256986,0.021673038,0.015080822,Bedford,977.98,607.69,676400000,874200000,381422192.8,218537270.6,51580225.36,14659643,10200668.25,100973897.1,59734977.55,10464596.12,1119263.743,1774100.222,174066834.7,1746.554235,6786.871758,518.1776587,1376.920542,1228.376576,369.6336928
E06000056,105600,53700,8700,4173,2670,174843,0.603970419,0.307132685,0.049758927,0.023867127,0.015270843,Central Bedfordshire,1477.5,918.08,1575800000,2153700000,951736586.5,483979684.6,78410116.5,37609817.95,24063794.38,251953226.6,132291007,15907844.44,2871509.601,4185175.118,407208762.7,2328.996658,9012.657069,688.1163673,1828.487866,1640.880291,500.5087919
E06000032,49800,32500,7000,1126,1157,91583,0.54376904,0.354869353,0.076433399,0.012294858,0.012633349,Luton,468.79,291.29,4.03E+08,506500000,219138923.2,143012349.5,30802659.88,4954827.861,5091239.641,58012647.13,39090995.6,6249243.637,378301.1072,885468.3983,104616655.9,1142.315232,4400.379983,335.9690117,892.749091,806.3462201,249.5661408
E06000031,73800,49100,11100,32611,23354,189965,0.388492617,0.258468665,0.058431816,0.171668465,0.122938436,Peterborough,997.13,619.59,920600000,1190100000,357646303.3,237946253.3,53792330.17,158037989.1,113177124.2,94679705.86,65040228.87,10913387.94,12066200.47,19683765.44,202383288.6,1065.371456,4846.155871,370.0040007,983.1881031,695.367455,82.18335263
E06000033,54800,20900,4000,1200,699,81599,0.671576858,0.25613059,0.049020209,0.014706063,0.008566281,Southend-on-Sea,458.04,284.61,327800000,397700000,220142893.9,83959607.35,16068824.37,4820647.312,2808027.059,58278428.3,22949519.07,3260043.089,368056.4223,488372.0661,85344418.95,1045.900305,4017.206093,306.7136852,815.0107722,739.1866194,230.8895324
E06000034,53000,24800,4800,1359,1269,85228,0.62186136,0.290984184,0.056319519,0.015945464,0.014889473,Thurrock,603.43,374.95,788400000,1113600000,490275496.3,229411930.4,44402309.1,12571403.76,11738860.47,129790632.1,62707457.04,9008340.47,959826.6774,2041622.613,204507878.9,2399.538637,9250.481063,706.2742291,1876.737598,1693.264408,522.8010389
E10000003,198200,128700,18000,9169,5859,359928,0.550665689,0.357571514,0.050010002,0.025474539,0.016278256,Cambridgeshire,4670.78,2902.29,3699400000,5108400000,2037132649,1322800060,185007001.4,94240510.88,60219778.96,539290126.1,361574168.4,37534220.44,7195263.006,10473423.96,956067201.9,2656.273482,10278.16674,784.7380309,2085.234469,1871.535451,571.0390131
E10000012,514700,243100,45400,16246,12147,831593,0.618932579,0.292330503,0.054594014,0.019535999,0.014606905,Essex,8346.91,5186.53,7205100000,9685500000,4459471123,2106270507,393355331.3,140758826.3,105244211.7,1180555791,575727980.5,79803929.61,10746936.38,18304073.29,1865138710,2242.850421,8664.214345,661.5127653,1757.795806,1581.337656,485.0546148
E10000015,403300,151800,39000,16439,10609,621148,0.649281653,0.244386201,0.062786969,0.026465512,0.017079665,Hertfordshire,5003.36,3108.94,5569800000,7358300000,3616368949,1361182263,349710858,147407610.1,95130320.31,957361351.9,372065559.6,70949338.86,11254571.03,16545065.31,1428175887,2299.25217,8966.945076,684.6262565,1819.213817,1614.625913,480.0383528
E10000020,272400,195400,19500,8054,4276,499630,0.545203451,0.391089406,0.039028881,0.016119929,0.008558333,Norfolk,9951.9,6183.82,4104700000,5408600000,2237896603,1605304685,160201849.4,66167471.53,35129390.15,592438367.8,438793982.7,32501751.2,5051886.451,6109703.535,1074895692,2151.383407,8215.479455,627.2518564,1666.756472,1524.131551,484.6269354
E10000029,247900,161300,16700,7306,4364,437570,0.566537925,0.368626734,0.038165322,0.016696757,0.009973261,Suffolk,6756.98,4198.59,3019700000,4104700000,1710774573,1113142149,115247823.2,50419197.39,30116257.51,452893352.8,304266274.9,23381478.37,3849505.72,5237819.507,789628431.3,1804.576254,6901.067258,526.8964851,1400.088525,1277.679768,404.4877283
E09000007,25400,5400,3700,3041,1580,39121,0.649267657,0.138033281,0.094578359,0.077733187,0.040387516,Camden,277.21,172.25,194700000,273800000,126412412.8,26875079.88,18414406.58,15134651.47,7863449.298,33465158.03,7346034.335,3735914.808,1155530.639,1367611.102,47070248.92,1203.196465,4976.866645,379.9837683,1009.706705,823.2126969,193.4897604
E09000001,1100,500,200,390,183,2373,0.463548251,0.210703751,0.0842815,0.164348925,0.077117573,City of London,47.68,29.63,47900000,74300000,22203961.23,10092709.65,4037083.86,7872313.527,3693931.732,5878054.657,2758741.256,819043.5735,601051.1378,642448.6068,10699339.23,4508.781808,20185.4193,1541.156764,4095.217868,2967.625044,413.5639404
E09000012,28000,6300,3900,1263,998,40461,0.692024419,0.155705494,0.096389115,0.031215244,0.024665727,Hackney,270.43,168.04,194300000,271900000,134460344.5,30253577.52,18728405.13,6065121.969,4792550.851,35595687.01,8269512.879,3799618.833,463072.0624,833520.4441,48961411.23,1210.089005,4802.155162,366.6445466,974.2612392,843.4444583,235.8277656
E09000013,27400,7000,3600,5473,2169,45642,0.600324263,0.153367512,0.078874721,0.119911485,0.047522019,Hammersmith and Fulham,220.05,136.73,212700000,299600000,127688970.7,32621269.88,16776653.08,25505172.87,10107933.48,33803101.21,8916697.91,3403647.377,1947319.948,1757971.791,49828738.24,1091.729947,4660.181412,355.8048508,945.4576048,735.9250961,146.2723421
E09000014,42400,9100,5500,1945,1807,60752,0.69791941,0.149789307,0.090531999,0.032015407,0.029743877,Haringey,353.91,219.91,234300000,318100000,163522517.8,35095634.71,21211647.35,7501209.837,6968990.321,43289316.13,9593040.792,4303419.015,572717.371,1212046.797,58970540.11,970.6765227,3856.663155,294.4562319,782.4398209,676.2202908,188.2367018
E09000019,23100,4700,2900,1569,1080,33349,0.692674443,0.140933761,0.086959129,0.047047887,0.032384779,Islington,236.53,146.97,155700000,225500000,107849410.8,21943386.61,13539536.42,7325356.083,5042310.114,28550974.51,5998005.296,2746901.148,559290.9369,876958.5751,38732130.47,1161.418048,4668.805661,356.4633122,947.2072926,804.9547354,214.2107551
E09000020,24700,6400,2500,2502,1968,38070,0.648804833,0.168111374,0.065668505,0.06572104,0.051694247,Kensington and Chelsea,213.9,132.91,212500000,306500000,137871027.1,35723666.93,13954557.39,13965721.04,10985027.58,36498596.99,9764707.118,2831100.604,1066282.801,1910515.997,52071203.51,1367.775243,5581.822958,426.1721828,1132.440242,941.6030605,235.3350017
E09000022,43700,8600,4300,1789,1514,59903,0.729512712,0.143565431,0.071782715,0.029864948,0.025274193,Lambeth,383.53,238.31,322900000,458300000,235559654.8,46357277.6,23178638.8,9643391.817,8161037.01,62359707.41,12671298.26,4702482.24,736272.9652,1419367.557,81889128.43,1367.028837,5390.381116,411.5555982,1093.600521,955.4732389,273.4283163
E09000023,55000,10100,5400,1646,1304,73450,0.748808713,0.137508509,0.073519401,0.022409803,0.017753574,Lewisham,433.71,269.49,330800000,445200000,247705922.4,45487814.84,24320217.84,7413162.696,5872882.233,65575188.84,12433639.31,4934085.794,565994.9718,1021411.678,84530320.59,1150.855284,4503.744044,343.8608577,913.7195916,806.994426,237.1356922
E09000025,41800,13000,9800,1411,2113,68124,0.613586988,0.190828489,0.143855323,0.020712231,0.031016969,Newham,429.96,267.16,418800000,5.54E+08,256970230.8,79918971.29,60246609.12,8674282.191,12989906.64,68027729.19,21845051.61,12222832.06,662281.4453,2259204.563,105017098.9,1541.558025,6147.613176,469.370266,1247.227761,1072.187759,294.3302634
E09000028,39400,7900,4200,1969,1422,54891,0.717786158,0.14392159,0.076515276,0.03587109,0.025905886,Southwark,392.64,243.98,3.07E+08,430100000,220360350.5,44183928.15,23490189.65,11012424.62,7953107.067,58335995.59,12077234.92,4765689.676,840798.62,1383204.381,77402923.19,1410.120479,5592.902297,427.0180904,1134.688018,983.1023882,275.4324605
E09000030,27900,8300,6300,1428,1887,45815,0.608970861,0.181163374,0.137509549,0.031168831,0.041187384,Tower Hamlets,296.15,184.02,3.69E+08,5.13E+08,224710247.7,66849285.17,50741023.68,11501298.7,15198144.71,59487543.88,18272583.61,10294338.88,878124.1558,2643261.328,91575851.86,1998.818113,8054.130743,614.9328822,1634.022045,1383.885231,364.7960681
E09000032,53000,11400,5900,2839,2601,75740,0.699762345,0.150514919,0.077898072,0.037483496,0.034341167,Wandsworth,430.16,267.29,332800000,452600000,232880908.4,50091365.2,25924478.48,12474507.53,11428740.43,61650562.87,13691973.76,5259558.194,952428.6496,1987686.535,83542210.01,1103.013071,4393.979403,335.4803274,891.4505413,767.5327438,211.5625299
E09000033,28200,7500,3600,22963,2139,64402,0.4378746,0.116456011,0.055898885,0.35655725,0.033213254,Westminster,335.76,208.63,300800000,448300000,131712679.7,35029968.01,16814384.65,107252420.7,9990546.877,34868297.71,9575091.457,3411302.357,8188722.323,1737555.913,57780969.75,897.1921641,4670.662402,356.6050744,947.5839881,540.5870898,-50.39182394
E09000002,41600,13200,7400,1617,1594,65411,0.635978658,0.20180092,0.113130819,0.024720613,0.02436899,Barking and Dagenham,342.69,212.94,299900000,3.94E+08,190729999.5,60520096.01,33927932.61,7413711.761,7308260.079,50491952.78,16542563.04,6883298.968,566036.893,1271052.593,75754904.28,1158.137076,4584.855758,350.0537371,930.1755362,808.0833388,227.9615397
E09000003,93200,19300,16300,6598,3633,139031,0.670354094,0.138817961,0.11724004,0.047457042,0.026130863,Barnet,765.91,475.91,802500000,1035200000,537959160.2,111401414.1,94085132.09,38084276.17,20970017.48,142413928.5,30450462.52,19087991.6,2907734.485,3647105.44,198507222.5,1427.791086,5772.093993,440.6993764,1171.042429,987.0917099,256.7486569
E09000004,76100,16500,7200,2046,1844,103690,0.733918411,0.159128171,0.069437747,0.019731893,0.017783779,Bexley,550.32,341.95,483500000,618400000,354849551.5,76938470.44,33573150.74,9540370.335,8598456.939,93939321.78,21030361.51,6811320.822,728407.2751,1495443.631,124004855,1195.919134,4662.937602,356.0152859,946.0167808,839.9038482,249.9023534
E09000005,57300,14900,12000,4065,3011,91276,0.627766335,0.163241159,0.13146939,0.044535256,0.032987861,Brent,463.96,288.29,467700000,602500000,293606314.9,76347889.92,61488233.49,20829139.09,15428422.59,77726399.75,20868932.23,12474732.81,1590304.77,2683311.256,115343680.8,1263.680275,5124.019457,391.2188856,1039.561068,872.4613898,224.1192078
E09000006,104800,20300,10100,3972,3097,142269,0.736632717,0.142687444,0.070992275,0.027918942,0.021768621,Bromley,913.65,567.72,699600000,875600000,515348248.7,99824135.97,49666195.73,19532092.02,15229327.54,136428141.9,27285929.33,10076277.79,1491275.226,2648684.646,177930308.9,1250.661134,4917.445122,375.446935,997.6512663,875.214199,253.0098678
E09000008,97500,19800,12000,3543,2801,135644,0.718793312,0.145970334,0.088466869,0.026119843,0.020649642,Croydon,773.75,480.79,653700000,829800000,469875188,95420807.41,57830792.37,17074541.45,13498670.79,124390058.5,26082323.5,11732711.16,1303641.239,2347688.823,165856423.2,1222.733208,4819.232697,367.9484164,977.7259296,854.7847913,245.0072781
E09000009,75600,18900,10900,6202,3366,114968,0.657574282,0.16439357,0.09480899,0.053945446,0.029277712,Ealing,589.32,366.19,606800000,785700000,399016074,99754018.51,57530095.33,32734096.44,17765715.68,105631525.3,27266763.42,11671705.74,2499248.264,3089813.271,150159056,1306.094356,5277.990397,402.9745668,1070.798692,903.1197896,235.2956647
E09000010,81700,20300,9700,2629,2239,116568,0.700878457,0.174147279,0.083213232,0.022553359,0.019207673,Enfield,634.88,394.5,805400000,1114400000,564487509.4,140258218.4,67019936.86,18164475.67,15469859.65,149436778.4,38338181.41,13597004.79,1386857.717,2690517.991,205449340.3,1762.484904,6909.271841,527.5229051,1401.753071,1234.961999,360.7318328
E09000011,54400,12000,6100,1924,1556,75980,0.715977889,0.157936299,0.080284285,0.025322453,0.020479073,Greenwich,517.91,321.81,563400000,7.43E+08,403381942.6,88981310.87,45232166.36,14266670.18,11537909.98,106787301.7,24322151.51,9176701.911,1089260.268,2006673.303,143382088.7,1887.103036,7415.109239,566.1435904,1504.377362,1320.959445,382.7256734
E09000015,62200,15500,12600,3429,2492,96221,0.646428534,0.161087496,0.130948546,0.035636711,0.025898712,Harrow,472.49,293.59,321800000,394200000,208020702.3,51837956.37,42139241.95,11467893.7,8334205.631,55069320.53,14169386.99,8549209.408,875573.6842,1449485.043,80112975.66,832.5934636,3344.384282,255.3437399,678.5086831,577.2497237,154.0847805
E09000016,79100,20600,8400,2406,1952,112458,0.703373704,0.183179498,0.074694553,0.021394654,0.017357591,Havering,684.57,425.37,805400000,1116500000,566497181.2,147532767.8,60158992.69,17231254.33,13979804.02,149968798.8,40326606.75,12205056.44,1315606.268,2431367.514,206247435.7,1833.995231,7161.784844,546.8022728,1452.982909,1287.192959,381.0123223
E09000017,89900,23000,13600,10940,4899,142339,0.63159078,0.161586073,0.095546547,0.076858767,0.034417833,Hillingdon,728.18,452.47,1150700000,1436300000,726771510.3,185937093.8,109945412,88441382.9,39604600.99,192398221.9,50824045.23,22305725.19,6752499.584,6888032.204,279168524.1,1961.29328,8084.221471,617.2303093,1640.126852,1344.06297,321.1664275
E09000018,64000,16200,8600,2914,2467,94181,0.679542583,0.172009216,0.091313535,0.030940423,0.026194243,Hounslow,499.8,310.56,815800000,1016600000,554370839.1,140325118.7,74493581.51,25241197.27,21369263.44,146758592.2,38356467.93,15113257.82,1927165.411,3716542.297,205872025.7,2185.918876,8662.044361,661.347087,1757.35556,1524.571789,428.5633164
E09000021,44800,9500,5200,2133,1619,63252,0.708277999,0.150192879,0.082210839,0.033722254,0.025596029,Kingston upon Thames,342.81,213.01,477200000,5.94E+08,337990261.2,71672041.99,39231012.46,16092259.53,12214424.84,89476161.84,19590835.96,7959187.808,1228644.015,2124332.768,120379162.4,1903.167685,7544.425473,576.0168848,1530.61304,1327.1508,372.5546448
E09000024,47600,10000,6100,2343,1981,68024,0.699753028,0.147006939,0.089674233,0.034443726,0.029122075,Merton,375.13,233.09,308600000,399900000,215943784.5,45366341.29,27673468.19,10629333.76,8987072.21,57166798.08,12400435.73,5614393.226,811549.6329,1563031.599,77556208.27,1140.130076,4536.634129,346.3720158,920.3923321,793.7580599,219.7377436
E09000026,64900,19000,12700,2865,2644,102109,0.635595295,0.186075664,0.124376891,0.028058251,0.025893898,Redbridge,536.74,333.51,556300000,7.14E+08,353581662.7,103513892,69190864.66,15608805.3,14404775.29,93603673.58,28294487.24,14037442.62,1191732.284,2505278.518,139632614.2,1367.485866,5448.09958,415.9624029,1105.310443,951.5234626,262.1754228
E09000027,52000,11100,5800,3049,2544,74493,0.698052166,0.149007289,0.077859665,0.04093002,0.03415086,Richmond upon Thames,412.95,256.6,402800000,507900000,281175412.5,60020136.12,31361872.93,16486612.16,13755966.33,74435566.94,16405904.01,6362696.78,1258752.839,2392437.665,100855358.2,1353.890409,5407.21947,412.8412066,1097.016686,941.0492023,256.8737228
E09000029,62100,11500,7000,2094,1662,84356,0.736165774,0.136326995,0.082981649,0.024823368,0.019702214,Sutton,469.09,291.48,361400000,456800000,266050310.6,49268576.03,29989568.02,8971165.062,7120380.293,70431498.72,13467072.57,6084283.56,684948.4525,1238376.541,91906179.85,1089.503768,4284.224003,327.1005026,869.1833657,762.4032653,220.3204022
E09000031,52000,12200,8500,1460,1492,75652,0.687357902,0.161264739,0.11235658,0.019298895,0.019721884,Waltham Forest,421.62,261.98,373800000,490800000,256934383.8,60280759.27,41998889.65,7213926.929,7372040.395,68018239.41,16477142.74,8520734.733,550783.321,1282145.266,94849045.47,1253.754633,4941.045841,377.24885,1002.43938,876.5057827,251.3152523
E06000036,52000,20100,7600,1711,1809,83220,0.624849796,0.241528479,0.091324201,0.020559962,0.021737563,Bracknell Forest,474.52,294.85,355700000,437400000,222259072.3,85911679.88,32484018.26,7313178.323,7732051.19,58838644.22,23483098.58,6590357.626,558361.1649,1344758.343,90815219.93,1091.266762,4274.21293,326.3361572,867.1523192,764.9306048,224.1144428
E06000043,59100,24600,5400,2123,1096,92319,0.640171579,0.266467358,0.058492835,0.02299635,0.011871879,Brighton and Hove,619.82,385.14,589200000,753500000,377189094.3,157002567.2,34463978.16,13549449.19,6994911.123,99853268.94,42915081.71,6992051.89,1034500.446,1216554.943,152011457.9,1646.589087,6382.218178,487.2823579,1294.824424,1159.306729,351.7646631
E06000060,196300,94500,17900,9318,5958,323976,0.60590908,0.291688273,0.055251006,0.02876139,0.018390251,Buckinghamshire,3365.7,2091.35,3121700000,4022100000,1891466374,910563282.5,172477066.2,89784430.33,57408846.95,500727893.2,248893367.6,34992147.19,6855041.256,9984546.662,801452995.9,2473.803603,9635.590291,735.6773187,1954.868558,1738.126284,518.9350444
E06000046,49100,19600,3000,1208,562,73470,0.668299986,0.266775555,0.040832993,0.016442085,0.007649381,Isle of Wight,880.62,547.19,318100000,399300000,212586225.7,84861303.93,12988975.09,5230227.304,2433268.001,56277951.52,23195988.82,2635203.267,399327.8546,423193.9707,82931665.43,1128.782706,4329.658364,330.5694161,878.4010889,798.2132902,250.3816174
E06000035,83600,43700,7300,2364,1421,138385,0.604111717,0.31578567,0.052751382,0.017082776,0.010268454,Medway,859.81,534.26,662300000,851200000,400103190.4,209144849.5,34937240.31,11313922.75,6800797.052,105919317.6,57167653.17,7088067.314,863818.0021,1182794.623,172221650.7,1244.510971,4785.92333,365.4052462,970.9681252,879.1057246,273.5428456
E06000042,169100,68200,21400,41861,17412,317973,0.53180616,0.21448362,0.067301312,0.131649543,0.054759366,Milton Keynes,1351.89,840.03,1136800000,1472200000,604557242.3,243824978.9,76508131.19,149659200,62250447.68,160044438.7,66647119.72,15521969.66,11426479.92,10826597.86,264466605.9,831.7266117,3575.146317,272.9624213,725.3256849,558.7641904,106.4009268
E06000044,54600,27500,17000,9638,7440,116178,0.469968497,0.236705745,0.146327188,0.082958908,0.064039663,Portsmouth,457.23,284.11,602100000,755800000,282968031.8,142520528.8,88103599.65,49949558.44,38558281.26,74910127.06,38956561.35,17874458.3,3813648.787,6706056.276,142260851.8,1224.507667,5182.564685,395.6888137,1051.438723,828.8188536,173.068944
E06000038,41000,20900,3800,1254,769,67723,0.605407321,0.308610073,0.056110922,0.018516604,0.011355079,Reading,397.39,246.93,288700000,353400000,174781093.6,89095728.19,16199223.31,5345743.691,3278211.243,46269798.9,24353426.34,3286498.424,408147.5308,570146.4994,74888017.7,1105.798882,4262.953502,325.4764999,864.8680064,780.3223823,240.9308758
E06000039,70500,27300,11300,30244,15637,154981,0.454894471,0.176150625,0.072912163,0.195146502,0.100896239,Slough,323.71,201.14,365800000,461900000,166400397.5,64435898.59,26671269.38,71384590.37,36907844.19,44051177.22,17612908.52,5411067.132,5450213.475,6419012.261,78944378.61,509.3810119,2360.289326,180.20809,478.8554984,329.1729219,30.52551352
E06000045,58800,33000,5500,1330,706,99336,0.591930418,0.332205847,0.055367641,0.013388902,0.007107192,Southampton,593.52,368.8,482900000,603400000,285843198.8,160422203.4,26737033.91,6465500.926,3432062.898,75671270.03,43849805.09,5424409.439,493640.9957,596904.3792,126036029.9,1268.785032,4861.278892,371.1586434,986.2562616,897.6263885,282.5287703
E06000037,56700,30800,3600,2405,1701,95206,0.595550701,0.323509023,0.037812743,0.025261013,0.017866521,West Berkshire,1387.7,862.28,1.36E+09,1805500000,809948952.8,439972270.7,51425330.34,34354977.63,24298468.58,214417786.3,120262020.5,10433171.02,2623002.542,4225989.656,351961970,3696.846522,14284.81398,1090.645548,2898.103061,2606.200974,798.743461
E06000040,98200,25900,33500,55431,12307,225338,0.435789791,0.114938448,0.14866556,0.245990468,0.054615733,Windsor and Maidenhead,685.25,425.79,850800000,1.08E+09,370769954.5,97789631.58,126484658.6,209288689.9,46467065.47,98153930.05,26729817.89,25661207.54,15979191.47,8081552.027,174605699,774.8613149,3775.661451,288.2717518,766.0061951,486.5895631,8.855119767
E06000041,62900,29200,6200,3184,1853,103337,0.608688079,0.282570618,0.059997871,0.03081181,0.017931622,Wokingham,812.95,505.14,779700000,9.85E+08,474594095,220320311.2,46780340.05,24023968.18,13981285.5,125639294.8,60222353.87,9490795.39,1834229.971,2431625.175,199618299.2,1931.721447,7545.216137,576.0772521,1530.77345,1355.644195,400.9479972
E10000011,185200,84600,15900,5311,3251,294262,0.629371105,0.287498896,0.05403348,0.018048542,0.011047978,East Sussex,3364.64,2090.69,2016200000,2600800000,1268938021,579655273.2,108942303.1,36389469.93,22274932.54,335925962.4,158442972.4,22102214.46,2778336.029,3874056.268,523123541.5,1777.747523,6851.717177,523.1286065,1390.076381,1254.618916,387.6711417
E10000014,541100,263600,53000,20930,15274,893904,0.605322272,0.294886252,0.059290483,0.023414147,0.017086846,Hampshire,9076.2,5639.69,7.33E+09,9.47E+09,4437012252,2161516225,434599241.1,171625700.3,125246581.3,1174610253,590828845.1,88171494.03,13103622.22,21782885.42,1888497100,2112.639724,8199.985681,626.0689067,1663.613095,1486.570818,449.0266294
E10000016,505000,261100,40800,16367,11182,834449,0.605189772,0.312901088,0.04889454,0.019614141,0.013400459,Kent,9367.6,5820.76,6936600000,9383400000,4197959372,2170469687,339161866.1,136055447.6,92953627.12,1111325785,593276184.3,68809159.39,10387833.42,16166494.83,1799965456,2157.070662,8312.790836,634.6815803,1686.499005,1522.389081,470.5716569
E10000025,220100,127100,22400,11242,6671,387513,0.567980945,0.327988996,0.057804512,0.02901064,0.017214906,Oxfordshire,4727.1,2937.28,3561700000,4674300000,2022977732,1168198409,205882331.7,103327195.2,61314331.91,535542895.1,319315353.1,41769407.45,7889031.355,10663788.61,915180475.6,2361.676836,9191.175522,701.7462511,1864.70569,1659.930584,496.9711457
E10000030,453500,158700,39200,20091,13530,685021,0.6620235,0.23167173,0.057224523,0.029329028,0.019751219,Surrey,5486.2,3408.97,6499700000,8448300000,4302954143,1505796742,371942232.4,190629882.4,128377000.1,1139121050,411594481.5,75459640.11,14554591.52,22327327.86,1663057091,2427.746144,9488.322256,724.4334042,1924.990819,1703.31274,502.7553246
E10000032,307000,141300,22800,9947,5848,486895,0.630526089,0.290206307,0.046827345,0.020429456,0.012010803,West Sussex,4142.22,2573.86,3336600000,4264500000,2103813348,968302365,156244118.3,68164923.03,40075245.79,556942507.6,264675768.4,31698806.73,5204391.874,6969886.748,865491361.4,1777.572909,6852.812208,523.2122121,1390.298541,1254.360697,387.2743679
E06000022,59000,25300,3900,2286,1405,91891,0.642065055,0.275326202,0.042441588,0.0248773,0.015289854,Bath and North East Somerset,1092.36,678.76,584200000,742500000,375094405.3,160845567,24794375.95,14533318.82,8932332.873,99298741.92,43965527.29,5030282.992,1109618.892,1553511.333,150957682.4,1642.790724,6357.532294,485.3975906,1289.816152,1157.393134,352.9745724
E06000058,126600,59900,8300,3562,2065,200427,0.631651424,0.29886193,0.041411586,0.017772057,0.010303003,"Bournemouth, Christchurch and Poole",1270.38,789.38,1023200000,1258600000,646305737.3,305795526.6,42372335.06,18184368.37,10542032.76,171096517.8,83586149.23,8596499.338,1388376.525,1833470.338,266501013.3,1329.666229,5105.10061,389.7744316,1035.722812,939.8917973,293.9434171
E06000023,127700,42000,9000,3195,1948,183843,0.694614426,0.228455802,0.048954815,0.017378959,0.010595998,"Bristol, City of",1149.28,714.13,1132400000,1420800000,786581376.5,258703350.1,55436432.17,19679933.42,11998907.76,208231687.8,70713973.73,11246943.36,1502562.917,2086850.038,293782017.8,1598.004916,6159.603575,470.2857329,1249.660373,1127.719183,348.3445431
E06000052,164900,132300,10100,4854,2236,314390,0.524507777,0.420814911,0.032125704,0.015439422,0.007112186,Cornwall excluding Isles of Scilly,7459.73,4635.26,2608800000,3486500000,1368335889,1097821941,83809535.93,40278365.09,18554269.54,362239559.8,300078649.3,17003278.65,3075253.174,3226958.558,685623699.5,2180.806322,8297.973854,633.5503038,1683.492936,1547.256018,497.3133862
E06000059,133600,79700,8900,4057,2257,228514,0.584646893,0.34877513,0.038947286,0.017753836,0.009876857,Dorset,3864.71,2401.42,1876800000,2461900000,1097265288,654581163.5,73096265.44,33320398.75,18536884.39,290479039.7,178923215.2,14829770.33,2544012.445,3223934.933,489999972.6,2144.288633,8213.063532,627.0674007,1666.266329,1517.221232,478.0223033
E06000053,400,200,NA,20,0,620,0.64516129,0.322580645,NA,0.032258065,0,Isles of Scilly,34.19,21.24,8.00E+05,1400000,516129.0323,258064.5161,NA,25806.45161,0,136634.8387,70539.35484,NA,1970.322581,0,209144.5161,337.3298647,1290.322581,98.51612903,261.7806452,238.8137357,75.54921956
E06000024,78500,37400,5500,2893,1667,125960,0.623213719,0.296919657,0.043664655,0.022967609,0.01323436,North Somerset,1142.63,710,1256700000,1604900000,783192680.2,373138933,54873372.5,28863393.93,16631620.36,207334598.2,101993795.9,11132709.81,2203720.127,2892571.412,325557395.5,2584.609364,9976.976818,761.7421801,2024.129057,1822.867184,560.4803075
E06000026,65600,45500,5200,1317,619,118236,0.554822558,0.384823573,0.043979837,0.011138739,0.005235292,Plymouth,856.56,532.24,8.06E+08,9.94E+08,447186982,310167800,35447748.57,8977824.013,4219645.455,118383809.7,84781266.45,7191639.23,685456.8634,733880.7375,211776053,1791.130054,6816.874725,520.4683853,1383.007544,1270.661668,408.1225094
E06000025,135000,50300,16400,35231,11484,248415,0.543445444,0.202483747,0.066018558,0.141823159,0.046229092,South Gloucestershire,1569.22,975.07,1958700000,2617300000,1064446591,396604915.2,129310548.9,277789021.2,90548923.37,281790946.1,108407987.5,26234524.16,21209191.77,15748268.75,453390918.3,1825.135029,7884.789566,602.0036834,1599.666107,1223.131346,225.4689223
E06000030,114300,57200,26300,45282,20102,263184,0.434296918,0.21733844,0.099930087,0.172054532,0.076380023,Swindon,854.96,531.25,949400000,1222600000,412321493.7,206341115,94873624.54,163348572.9,72515193.93,109153869,56401280.36,19247960.95,12471663.54,12611842.53,209886616.4,797.4900313,3607.36215,275.4221001,731.8616329,522.0679312,65.6283984
E06000027,40600,23300,2900,892,531,68223,0.595107222,0.341527051,0.042507659,0.01307477,0.007783299,Torbay,524.99,326.21,344700000,419500000,205133459.4,117724374.5,14652389.96,4506873.049,2682903.127,54304980.7,32178780.52,2972676.874,344099.7573,466610.5118,90267148.37,1323.119012,5052.548261,385.7620597,1025.060991,937.3569525,298.058021
E06000054,186600,112000,15900,22461,11832,348793,0.534987801,0.321107362,0.045585777,0.064396361,0.033922699,Wiltshire,4675.62,2905.3,2837100000,3724100000,1517813890,911013695.8,129331408.6,182698916.3,96242089.72,401810871,249016483.6,26238756.18,13949062.26,16738424.24,707753597.3,2029.150807,8134.050855,621.0347828,1650.236238,1408.116024,378.9145691
E10000008,253500,172400,18900,8839,5560,459199,0.552048241,0.375436358,0.041158626,0.019248735,0.01210804,Devon,13017.97,8088.99,4436600000,5875900000,2449217224,1665660944,182604361.1,85398939.02,53718531.62,648381275.7,455291762.5,37046772.77,6520208.994,9342727.019,1156582747,2518.696136,9661.606406,737.6636491,1960.146708,1781.032487,558.5494285
E10000013,211900,129400,13900,7821,4456,367477,0.576634728,0.352130882,0.037825497,0.021282965,0.012125929,Gloucestershire,5625.12,3495.29,3325900000,4342400000,1917829442,1171152099,125803819,70785012.12,40329627.16,507706988.3,320122714.8,25523078.8,5404435.676,7014128.756,865771346.3,2355.987848,9050.634461,691.0159411,1836.19272,1664.971907,519.7951282
E10000027,186900,126800,12200,5390,2945,334235,0.559187398,0.379373794,0.036501264,0.016126378,0.008811166,Somerset,6798.01,4224.09,3429200000,4511100000,1917565426,1300948614,125170134.8,55300575.94,30215249.75,507637095.1,355601294.2,25394516.95,4222198.973,5255036.236,898110141.4,2687.061922,10259.84711,783.3393271,2081.517782,1903.722595,605.5441393
W06000014,41600,24800,3500,1365,764,72029,0.577545155,0.344305766,0.04859154,0.0189507,0.010606839,The Vale of Glamorgan,947.63,588.83,545600000,674100000,315108636.8,187853225.8,26511543.96,10339502.14,5787091.31,83418709.42,51347800.74,5378662.039,789420.9888,1006490.921,141941084.1,1970.610228,7574.726846,578.3303947,1536.760583,1392.279833,433.8496453
W06000001,18500,18800,1200,476,289,39265,0.471157519,0.478797912,0.030561569,0.012122756,0.007360244,Isle of Anglesey,1216.1,755.65,302100000,405300000,142336686.6,144644849.1,9232649.943,3662284.477,2223529.861,37680791.05,39537223.05,1873120.02,279615.4198,386716.3135,79757465.86,2031.261069,7693.874952,587.4273526,1560.93335,1443.833716,470.3277182
W06000002,28300,29900,2100,657,365,61322,0.46149832,0.487590098,0.034245458,0.010713936,0.005952187,Gwynedd,2511.62,1560.65,641200000,853100000,295912723,312642770.9,21958187.93,6869775.937,3816542.187,78336975.16,85457775.01,4454877.166,524507.3928,663773.0172,169437907.7,2763.085153,10456.27996,798.3369753,2121.370079,1964.748178,641.7150737
W06000003,32600,25100,2800,889,475,61864,0.526962369,0.405728695,0.045260572,0.014370231,0.007678133,Conwy,1650.39,1025.5,607800000,792200000,320287727.9,246601900.9,27509375.4,8734226.691,4666769.042,84789770.21,67406163.6,5581102.082,666858.2078,811644.4717,159255538.6,2574.284537,9824.77693,750.1217186,1993.250744,1824.162818,581.0337931
W06000004,26600,22400,1800,816,344,51960,0.511932256,0.431100847,0.034642032,0.015704388,0.006620477,Denbighshire,1441.57,895.75,427900000,563800000,219055812.2,184468052.3,14823325.64,6719907.621,2832902.232,57990645.15,50422497.43,3007356.305,513064.9469,492698.3563,112426262.2,2163.707894,8235.180908,628.7560624,1670.753503,1534.951832,492.9543917
W06000005,47900,35800,3500,1223,557,88980,0.538323219,0.402337604,0.039334682,0.013744662,0.006259834,Flintshire,1292.85,803.34,839400000,1083100000,451868509.8,337722184.8,33017532.03,11537269.05,5254504.383,119623150.6,92312981.98,6698596.898,880870.4919,913863.4023,220429463.4,2477.292238,9433.58058,720.2538773,1913.884828,1757.038361,563.4074103
W06000006,37800,29800,2400,830,507,71337,0.529879305,0.417735537,0.03364313,0.011634916,0.007107111,Wrexham,1215.68,755.39,513500000,6.69E+08,272093023.3,214507198.2,17275747.51,5974529.347,3649501.661,72031186.05,58633397.56,3504903.654,456155.3156,634721.3289,135260363.9,1896.075864,7198.228128,549.5847176,1460.376523,1346.491146,435.6993413
W06000023,37500,35900,2700,990,623,77713,0.482544748,0.461956172,0.034743222,0.012739181,0.008016677,Powys,5348.09,3323.15,708200000,1005200000,341738190.5,327157361.1,24605149.72,9021888.23,5677410.472,90468351.18,89425193.07,4991892.775,688821.1663,987415.2293,186561673.4,2400.649485,9113.018414,695.7789559,1848.849176,1704.870529,551.8003091
W06000008,18400,18400,1100,526,263,38689,0.475587376,0.475587376,0.028431854,0.013595596,0.006797798,Ceredigion,2260.17,1404.4,335400000,469100000,159512006,159512006,9536043.837,4559962.78,2279981.39,42227613.35,43601011.72,1934672.574,348153.1583,396534.3634,88507985.16,2287.678285,8669.130761,661.8881336,1758.793249,1625.790151,528.8850361
W06000009,36400,30100,2800,962,406,70668,0.515084621,0.42593536,0.039621894,0.013612951,0.005745175,Pembrokeshire,2603.31,1617.62,511500000,701600000,263465783.7,217865936.5,20266598.74,6963024.283,2938656.818,69747296.91,59551475.08,4111687.553,531626.904,511091.1938,134453177.6,1902.603408,7238.07098,552.6267193,1468.45984,1349.976689,434.1435677
W06000010,54000,45000,4500,1398,633,105531,0.511697984,0.426414987,0.042641499,0.013247292,0.005998237,Carmarthenshire,3573.65,2220.56,928600000,1267600000,475162748.4,395968957,39596895.7,12301435.6,5569963.328,125789834.4,108234154.7,8033418.199,939214.6078,968728.0221,243965349.9,2311.788478,8799.310155,671.8273304,1785.204044,1639.961148,526.5844341
W06000011,76200,45000,6800,2531,1764,132295,0.575985487,0.34014891,0.05140028,0.019131486,0.013333837,Swansea,1171.78,728.11,900400000,1117600000,518617332.5,306270078.2,46280811.82,17225990.4,12005787.07,137293566.4,83715863.18,9389451.102,1315204.367,2088046.487,233802131.6,1767.278669,6806.001739,519.6382327,1380.801633,1247.640437,386.4770367
W06000012,41000,25900,3400,838,417,71555,0.572985815,0.361959332,0.047515897,0.011711271,0.005827685,Neath Port Talbot,878.89,546.12,665500000,858400000,381322060,240883935.4,31621829.36,7793850.884,3878324.366,100947388.9,65843214.91,6415436.741,595060.515,674518.1737,174475619.3,2438.342803,9300.538048,710.0960799,1886.893159,1728.246723,551.449644
W06000013,44300,26900,4300,1868,1158,78526,0.56414436,0.342561699,0.054758933,0.023788299,0.014746708,Bridgend,815.59,506.78,683200000,860300000,385423426.6,234038153,37411303.26,16252166.16,10074950.97,102033143.7,63971988.73,7590005.206,1240852.886,1752235.473,176588226,2248.786721,8700.303084,664.2681405,1765.11749,1584.51858,483.669231
W06000015,90700,49800,7900,2544,1449,152393,0.595171694,0.326786663,0.051839651,0.01669368,0.009508311,Cardiff,1109.07,689.14,1592400000,1961400000,947751405.9,520375082.8,82549460.93,26583016.28,15141034.04,250898229.7,142239325.1,16747634.63,2029613.293,2633328.64,414548131.4,2720.257042,10449.29885,797.8039674,2119.953751,1922.453075,600.3032908
W06000016,67500,44600,4400,1258,626,118384,0.570178402,0.3767401,0.037167185,0.010626436,0.005287877,"Rhondda, Cynon, Taff",1213.76,754.2,1.08E+09,1356400000,615792674.7,406879308,40140559.54,11476550.89,5710906.879,163018794.8,111216390.1,8143716.718,876234.6601,993240.9244,284248377.1,2401.070897,9122.85444,696.5299365,1850.844709,1704.540961,550.2261887
W06000024,14700,11900,800,255,132,27787,0.529024364,0.428257818,0.028790442,0.009176953,0.004750423,Merthyr Tydfil,347.15,215.71,221900000,277400000,117390506.4,95030409.9,6388598.985,2036365.927,1054118.833,31076788.75,25975612.24,1296118.962,155476.5385,183332.3474,58687328.84,2112.04264,7985.748731,609.7119156,1620.148703,1502.330724,491.8939374
W06000018,49800,36100,3200,1030,496,90626,0.549511178,0.398340432,0.035309955,0.011365392,0.005473043,Caerphilly,1017.86,632.47,580100000,7.30E+08,318771434.2,231077284.7,20483305.01,6593063.801,3174912.277,84388361.79,63162664.99,4155652.921,503380.4212,552180.7432,152762240.9,1685.633713,6401.032816,488.7188555,1298.641538,1196.914857,386.9921751
W06000019,17800,15700,900,267,118,34785,0.51171482,0.45134397,0.025873221,0.007675722,0.003392267,Blaenau Gwent,420.92,261.55,202900000,255600000,103826936.9,91577691.53,5249676.585,1557404.053,688290.93,27486105.01,25031846.2,1065054.386,118907.7995,119707.5585,53821620.95,1547.265228,5832.973983,445.3475636,1183.393762,1101.917664,363.8714662
W06000020,28100,18100,2000,659,255,49114,0.572138291,0.368530358,0.040721587,0.013417763,0.005192002,Torfaen,485.07,301.41,350200000,430800000,200362829.3,129059331.4,14260699.6,4698900.517,1818239.199,53042051.81,35277077.63,2893210.734,358761.0545,316228.1614,91887329.39,1870.898917,7130.349798,544.4022071,1446.605367,1326.49671,424.2935495
W06000021,30800,21900,2200,1100,608,56608,0.544092708,0.386871114,0.038863765,0.019431882,0.010740531,Monmouthshire,1631.87,1014,7.00E+08,947200000,380864895.4,270809779.5,27204635.39,13602317.69,7518371.962,100826363.8,74023145.14,5519276.427,1038536.956,1307595.252,182714917.5,3227.72254,12365.74336,944.1245054,2508.762012,2283.598035,718.9605275
W06000022,43900,29000,3700,1284,634,78518,0.559107466,0.369342062,0.047122953,0.016352938,0.008074582,Newport,764.56,475.08,931200000,1219900000,520640872.2,343931327.8,43880893.55,15227856.03,7519050.409,137829258.1,94010189.15,8902555.684,1162646.808,1307713.247,243212363,3097.536399,11859.70096,905.4881683,2406.096131,2192.048231,691.4402682
S12000033,60900,25700,5200,1850,1216,94866,0.64195813,0.270908439,0.054814159,0.019501191,0.01281808,Aberdeen City,1066.43,662.65,752200000,9.50E+08,482880905.7,203777328,41231210.34,14668795.99,9641759.956,127833062.2,55700494.84,8364987.954,1119962.574,1676894.892,194695402.4,2052.32014,7929.078911,605.3851749,1608.65153,1446.934965,443.6686107
S12000034,78000,56800,6800,3026,1656,146282,0.533216664,0.388291109,0.046485555,0.020686072,0.0113206,Aberdeenshire,6271.63,3897.01,1422400000,1974500000,758447382.5,552305273.4,66121053.85,29423868.97,16102421.35,200783775.6,150967123.4,13414639.41,2246512.396,2800533.121,370212583.9,2530.814344,9723.68439,742.4033032,1972.741089,1788.411041,558.0732551
S12000041,33800,21600,3300,1077,499,60276,0.560753866,0.358351583,0.054748158,0.017867808,0.008278585,Angus,1936.59,1203.34,497400000,696100000,278918972.7,178244077.2,27231734.02,8887447.74,4117768.266,73838219.65,48721236.07,5524774.199,678556.635,716162.2568,129478948.8,2148.101215,8252.040613,630.0433008,1674.174,1518.057914,473.927215
S12000035,23200,16700,2200,681,399,43180,0.53728578,0.386753126,0.050949514,0.01577119,0.009240389,Argyll & Bute,2699.12,1677.16,424100000,595800000,227862899.5,164022000.9,21607688.74,6688561.834,3918849.004,60322145.38,44833773.73,4383767.893,510671.696,681566.2188,110731924.9,2564.426237,9821.676702,749.8850162,1992.621769,1814.541221,571.8044679
S12000036,116400,44400,11900,4955,2680,180335,0.645465384,0.246208445,0.0659883,0.027476641,0.01486123,City of Edinburgh,1588.26,986.9,1452500000,1888700000,937538470.1,357617766.9,95848005.1,39909820.61,21585937.28,248194559.2,97751240.41,19445643.28,3047114.804,3754226.212,372192783.9,2063.896547,8054.45421,614.957579,1634.08767,1448.938969,429.8088773
S12000005,16100,8800,1200,446,178,26724,0.602454722,0.329292022,0.044903458,0.016689118,0.00666068,Clackmannanshire,315.03,195.75,163600000,210800000,98561592.58,53872174.82,7346205.658,2730339.769,1089687.173,26092210.4,14725420.27,1490398.204,208461.4414,189518.3931,42706008.71,1598.039542,6121.838048,467.402335,1241.998503,1130.637207,356.0410383
S12000006,39300,33500,3500,973,582,77855,0.504784535,0.430287072,0.044955366,0.012497592,0.007475435,Dumfries & Galloway,4658.68,2894.77,899300000,1400500000,453952732.6,386957164,40428360.41,11239084.19,6722658.789,120174906.9,105770871.2,8202105.761,858104.0783,1169204.817,236175192.8,3033.526334,11550.96012,881.915805,2343.458789,2151.610529,690.0675456
S12000042,37200,16500,2800,1342,440,58282,0.638275969,0.283106276,0.048042277,0.023025977,0.007549501,Dundee City,619.5,384.94,424800000,529900000,271139631.4,120263546.2,20408359.36,9781435.091,3207027.899,71778794.63,32872837.72,4140447.946,746812.5692,557766.2922,110096659.2,1889.03365,7288.69977,556.4922274,1478.731409,1332.541422,410.3022402
S12000008,33700,21500,2600,1036,367,59203,0.569227911,0.363157272,0.043916693,0.017499113,0.00619901,East Ayrshire,1338.61,831.77,5.15E+08,713100000,293152374,187025995.3,22617097.11,9012043.309,3192490.245,77606227.98,51121685.56,4588556.661,688069.5066,555237.9035,134559777.6,2272.854038,8698.883503,664.1597554,1764.829485,1608.694282,508.0245529
S12000045,34800,15100,3000,1457,736,55093,0.631659194,0.274082007,0.054453379,0.026446191,0.013359229,East Dunbartonshire,557.66,346.51,276600000,348900000,174716933.2,75811083.08,15061804.58,7315016.427,3695162.725,46252813.72,20722201.45,3055738.914,558501.5042,642662.7011,71231918.29,1292.939544,5020.601528,383.3229267,1018.579638,909.6166172,274.3599058
S12000010,33100,17100,3000,1425,600,55225,0.599366229,0.309642372,0.054323223,0.025803531,0.010864645,East Lothian,1129.04,701.55,476800000,637400000,285777818,147637483,25901312.81,12303123.59,5180262.562,75653961.76,40355229.61,5254858.343,939343.4857,900951.2648,123104344.5,2229.141593,8633.770937,659.188411,1751.619448,1569.953182,477.5221452
S12000011,29900,13900,3100,1464,680,49044,0.609656635,0.283418971,0.063208547,0.029850746,0.013865101,East Renfrewshire,532.43,330.84,378300000,491100000,230633105,107217396.6,23911793.49,11292537.31,5245167.605,61055501.88,29306803.19,4851224.664,862185.2239,912239.5498,96987954.51,1977.570233,7713.481771,588.9243333,1564.911182,1388.6459,412.6590512
S12000014,49400,25900,4800,1536,690,82326,0.600053446,0.31460292,0.058304788,0.018657532,0.008381313,Falkirk,976.89,607.01,744100000,9.93E+08,446499769.2,234096032.8,43384592.96,13883069.75,6236535.238,118201883.9,63987809.62,8801866.22,1059972.375,1084658.209,193136190.3,2345.992643,9038.456867,690.0861818,1833.722129,1655.906461,512.2705139
S12000047,109100,63100,8400,3471,1570,185641,0.587693451,0.339903362,0.045248625,0.018697378,0.008457183,Fife,2810.74,1746.51,1431400000,1886300000,841224406.2,486537672.2,64768881.87,26763427.26,12105612.45,222697337.1,132990207.3,13140310.75,2043387.671,2105408.117,372976650.9,2009.128646,7710.581175,588.7028727,1564.322709,1420.425773,444.8059368
S12000049,133100,63600,10600,4633,1830,213763,0.62265219,0.297525765,0.049587627,0.021673536,0.008560883,Glasgow City,1928.54,1198.34,1.72E+09,2218700000,1070961766,511744315,85290719.16,37278481.31,14724718.5,283515708.3,139880191.1,17303781.1,2846212.048,2560923.041,446106815.6,2086.922506,8046.29426,614.3345668,1632.43218,1472.587939,454.4903261
S12000017,61300,52300,5400,1812,1097,121909,0.502834081,0.429008523,0.044295335,0.014863546,0.008998515,Highland,8010.22,4977.32,1345500000,1916100000,676563256.2,577230967.4,59599373.3,19998900.82,12107502.32,179106590.8,157780312.6,12091520.86,1526916.078,2105736.803,352611077.2,2892.412186,11036.92098,842.668917,2239.170529,2049.743269,653.241657
S12000018,21600,11000,1500,496,255,34851,0.619781355,0.315629394,0.043040372,0.014232016,0.007316863,Inverclyde,422.25,262.37,262200000,325400000,162506671.3,82758027.03,11285185.5,3731634.673,1918481.536,43020391.08,22621079.11,2289538.435,284910.3073,333662.3087,68549581.24,1966.932979,7523.457003,574.4159422,1526.358957,1392.517037,440.574022
S12000019,28700,14000,2800,1109,482,47091,0.609458283,0.297296723,0.059459345,0.023550148,0.010235501,Midlothian,711.69,442.22,322600000,4.26E+08,196611242.1,95907922.96,19181584.59,7597277.611,3301972.776,52048894.11,26215471.66,3891559.882,580052.1456,574279.1052,83310256.91,1769.133314,6850.565926,523.0407084,1389.842815,1246.092606,379.2904994
S12000020,26500,19400,2300,726,474,49400,0.536437247,0.392712551,0.046558704,0.014696356,0.009595142,Moray,1777.2,1104.3,358500000,5.08E+08,192312753,140787449.4,16691295.55,5268643.725,3439858.3,50910955.11,38482841.42,3386330.04,402260.9484,598260.1555,93780647.67,1898.393678,7257.08502,554.0784413,1472.317409,1344.315236,426.0762687
S12000013,7600,5200,400,130,82,13412,0.566656725,0.387712496,0.029824038,0.009692812,0.006113928,Comhairle nan Eilean Siar,1274.43,791.89,9.70E+07,138300000,54965702.36,37608112.14,2892931.703,940202.8035,593050.9991,14551070.38,10279801.37,586917.9839,71784.48404,103143.4298,25592717.65,1908.195471,7232.329257,552.1883388,1467.29496,1356.007132,440.9005111
S12000021,37400,21800,3300,1047,437,63984,0.58452113,0.340710178,0.051575394,0.016363466,0.006829832,North Ayrshire,1163.45,722.93,383200000,495600000,223988497.1,130560140,19763690.92,6270480.12,2617191.798,59296474.84,35687308.68,4009657.614,478751.1572,455181.9975,99927374.29,1561.755662,5988.997249,457.25994,1215.047762,1104.495722,346.7079003
S12000050,92800,52600,7800,2878,1206,157284,0.590015513,0.334426897,0.049591821,0.01829811,0.007667659,North Lanarkshire,1774.36,1102.54,1552300000,2102900000,915881081.4,519130871.5,76981383.99,28404156.81,11902506.29,242461198.7,141899232.4,15617983.18,2168657.373,2070083.895,404217155.5,2569.982678,9869.408204,753.5293164,2002.305536,1816.453362,567.6771416
S12000023,5700,4700,300,377,131,11208,0.50856531,0.419343326,0.026766595,0.033636688,0.01168808,Orkney Islands,1044.07,648.76,59600000,90500000,30310492.51,24992862.24,1595289.079,2004746.61,696609.5646,8024096.681,6831548.965,323652.2484,153062.4036,121154.3355,15453514.63,1378.79324,5317.630264,406.0010707,1078.840828,972.7921693,299.952412
S12000048,43600,30400,4000,1877,982,80859,0.53921023,0.375963096,0.049468828,0.023213248,0.012144597,Perth & Kinross,2910.73,1808.64,1099600000,1562800000,592915569.1,413409020.6,54395923.77,25525287.23,13354199.29,156962538.6,113001221.7,11035845.01,1948855.68,2322562.34,285271023.3,3528.005829,13598.98094,1038.282195,2758.961254,2489.723634,769.0445756
S12000038,67800,29900,11700,9661,6006,125067,0.542109429,0.239071857,0.093549857,0.077246596,0.04802226,Renfrewshire,989.37,614.77,787700000,1004100000,427019597.5,188316902.1,73689222.58,60847143.53,37827134.26,113044898,51474542.03,14950069.48,4645679.409,6578895.19,190694084.2,1524.735415,6298.224152,480.869414,1277.783716,1043.866001,246.9516991
S12000026,32200,24500,3300,1082,623,61705,0.521837777,0.397050482,0.053480269,0.017535046,0.010096427,Scottish Borders,3259.31,2025.24,5.53E+08,779400000,288576290.4,219568916.6,29574588.77,9696880.318,5583323.88,76394801.36,60016967.67,6000092.569,740356.8123,971051.6892,144123270.1,2335.682199,8961.996597,684.2484402,1818.20987,1651.433759,517.4723296
S12000027,6300,4200,1000,163,93,11756,0.535896563,0.357264376,0.085062947,0.01386526,0.007910854,Shetland Islands,1033.56,642.22,94600000,139800000,50695814.9,33797209.94,8046954.747,1311653.624,748366.7914,13420703.08,9238129.364,1632566.179,100144.7542,130155.9524,24521699.33,2085.888,8046.954747,614.3849949,1632.566179,1471.503005,453.3218211
S12000028,32900,19000,3100,1069,513,56582,0.581457,0.335795836,0.054787742,0.018892934,0.009066488,South Ayrshire,1325.96,823.91,4.81E+08,654600000,279680817.2,161517797.2,26352903.75,9087501.326,4360980.524,74039902.74,44149274.68,5346477.113,693830.7262,758461.7327,124987947,2208.970114,8500.936694,649.0465166,1724.670036,1559.923598,484.3000777
S12000029,95200,52100,8400,3497,1625,160822,0.591958812,0.323960652,0.05223166,0.021744537,0.010104339,South Lanarkshire,2570.98,1597.53,1212200000,1766400000,717572471.4,392705102.5,63315218.07,26358728.28,12248479.69,189962960.4,107342012.7,12845391.44,2012488.904,2130255.587,314293109,1954.291757,7537.52596,575.4901071,1529.213267,1378.80165,425.0784906
S12000030,29400,16900,4100,6494,5881,62775,0.468339307,0.269215452,0.065312624,0.103448825,0.093683791,Stirling,1195.87,743.08,594200000,795700000,278287216.2,159967821.6,38808761.45,61469291.92,55666908.8,73670974.76,43725604.35,7873521.523,4693180.438,9681588.779,139644869.8,2224.529986,9465.551573,722.6948626,1920.371103,1501.835123,304.1588825
S12000039,23900,12800,1800,579,324,39403,0.606552801,0.324848362,0.045681801,0.014694313,0.008222724,West Dunbartonshire,426.94,265.29,333500000,417700000,202285359,108336928.7,15234880.59,4900553.257,2742278.507,53551003.08,29612816.08,3090852.575,374157.2412,476937.0779,87105766.06,2210.637922,8463.822552,646.2128518,1717.140319,1564.425071,493.4976032
S12000040,55000,29300,4800,2093,889,92082,0.597293716,0.318194653,0.052127452,0.022729741,0.009654438,West Lothian,1210.98,752.47,8.65E+08,1179300000,516659064.7,275238374.5,45090245.65,19661225.86,8351089.247,136775154.2,75233657.28,9147909.038,1501134.595,1452421.442,224110276.6,2433.812,9393.801177,717.2167199,1905.814383,1716.59528,527.997617
