"","Local Authority Code","Petrol2025Q1","Diesel2025Q1","Hybrid2025Q1","BEV2025Q1","PHEV2025Q1","TotalCars","Petrol","Diesel","Hybrid","BEV","PHEV","Local Authority","link_length_km","link_length_miles","cars_and_taxis","all_motor_vehicles","PetrolMile","DieselMile","HybridMile","BEVMile","PHEVMile","PetrolCO2e","DieselCO2e","HybridCO2e","BEVCO2e","PHEVCO2e","BaseCO2e","pCarBaseCO2e","pCarAnnMile","pBEVAnnCO2e","pHyVAnnCO2e","reduceCO2pBEVcc","reduceCO2pHyVc"
"5","E06000047",132800,97400,14400,5812,2398,252810,0.525295676595071,0.385269570032831,0.0569597721609114,0.0229895969305012,0.0094853842806851,"Durham",3859.47,2398.16,2110400000,2813600000,1108583995.88624,813072900.597286,120207903.168387,48517245.3621297,20017954.9859578,290304891.002729,226432672.087338,24809709.1349235,3159443.01798188,3369622.36278628,548076337.605759,2167.93773033408,8347.77105336023,543.606850994818,1405.18030141213,1624.33087933926,762.757428921954
"6","E06000005",32400,19500,4600,1246,673,58419,0.55461408103528,0.333795511734196,0.0787415053321693,0.0213286773138876,0.0115202245844674,"Darlington",563.27,350,419300000,539900000,232549684.178093,139960458.070148,33016313.1857786,8943114.39771307,4830430.16826717,60897785.7957171,38977587.9679556,6814236.87841284,582375.609579075,813106.310224413,108085092.561889,1850.17019397609,7177.45938821274,467.396155360414,1208.18173881785,1382.77403861567,641.988455158238
"7","E06000001",22200,17100,2000,799,337,42436,0.523140729569234,0.40295975115468,0.0471297954566877,0.0188283532849467,0.00794137053445188,"Hartlepool",416.91,259.06,333400000,421400000,174415119.238382,134346781.03497,15713073.8052597,6277372.98520124,2647652.93618626,45674087.2749552,37414235.0504289,3243021.30266755,408782.528796305,445679.418748233,87185805.5755962,2054.5245917522,7856.53690262984,511.617683099255,1322.49085681968,1542.90690865294,732.033734932514
"8","E06000002",32800,23800,3700,999,507,61806,0.530692812995502,0.385075882600395,0.0598647380513219,0.0161634792738569,0.00820308707892438,"Middlesbrough",576.78,358.39,730900000,896500000,387883377.018412,281451962.592629,43755137.0417112,11813887.001262,5995636.34598583,101575019.939812,78381557.0624211,9030622.73403877,769320.321522182,1009245.46611979,190765765.523914,3086.52502222945,11825.712713976,770.090411934116,1990.62222114358,2316.43461029534,1095.90280108587
"9","E06000057",92700,61700,10100,4514,2139,171153,0.541620655203239,0.3604961642507,0.0590115276974403,0.0263740629728956,0.0124975898757252,"Northumberland",5011.45,3113.97,1.587e+09,2082700000,859551979.807541,572107412.66586,93651294.4558378,41855637.9379853,19833675.1327759,225090876.952201,159326193.353315,19328690.6627404,2725639.1425216,3338602.53510017,409810002.645878,2394.40735859657,9272.40539166711,603.819039105362,1560.82399957932,1790.58831949121,833.583359017243
"10","E06000003",37400,25100,3400,1115,455,67470,0.554320438713502,0.372017192826441,0.0503927671557729,0.0165258633466726,0.00674373795761079,"Redcar and Cleveland",664.47,412.88,4.93e+08,610100000,273279976.285757,183404476.063436,24843634.2077961,8147250.62990959,3324662.81310212,71563827.3899511,51076312.5389062,5127477.66414703,530548.961019712,559640.49132948,128857807.045353,1909.85337254118,7306.95123758708,475.82866459167,1229.97910182303,1434.02470794951,679.874270718149
"11","E06000004",52700,34500,5900,2320,1020,96440,0.546453753629199,0.357735379510577,0.0611779344670261,0.0240564081294069,0.010576524263791,"Stockton-on-Tees",871.77,541.69,765700000,964500000,418419639.153878,273917980.091248,46843944.4214019,18419991.7046869,8098444.62878474,109571550.905226,76283418.2756118,9668121.68913314,1199509.85980921,1363211.18436333,198085811.914144,2053.97980002223,7939.65159684778,517.030111986727,1336.48155329739,1536.9496880355,717.498246724839
"13","E08000037",46300,27500,4900,1912,812,81424,0.568628414226764,0.337738258989978,0.0601788170563961,0.0234820200432305,0.00997248968363136,"Gateshead",916.45,569.46,8.71e+08,1104100000,495275348.791511,294170023.580271,52415749.656121,20452839.4576538,8686038.51444292,129697755.588033,81923409.8668697,10818086.5715268,1331888.90548241,1462120.86313618,225233261.795048,2766.17780746522,10697.0917665553,696.594615838082,1800.64145706426,2069.58319162714,965.536350400965
"14","E08000021",58200,36200,7000,2844,1353,105597,0.551152021364243,0.342812769302158,0.0662897620197544,0.0269325833120259,0.0128128640018182,"Newcastle upon Tyne",1015.77,631.17,935100000,1135400000,515382255.177704,320564220.574448,61987556.4646723,25184658.6550754,11981309.1281002,134963151.163385,89273929.7877781,12793611.7787437,1640024.97161851,2016813.76553311,240687531.467059,2279.30274029621,8855.3652092389,576.661382425637,1490.62362567118,1702.64135787057,788.679114625025
"15","E08000022",55600,29400,5600,2357,1037,93994,0.591527118752261,0.312785922505692,0.0595782709534651,0.0250760686852352,0.011032619103347,"North Tyneside",822.25,510.92,699100000,847400000,413536608.719706,218668638.423729,41651169.2235675,17530679.6178479,7712904.0151499,108292831.725429,60897029.1146243,8596384.81605209,1141597.85671426,1298313.13287018,180226156.64569,1917.4219274176,7437.70878992276,484.34359639977,1251.9895206077,1433.07833101783,665.432406809904
"16","E08000023",35500,21500,3500,1335,681,62516,0.567854629214921,0.343911958538614,0.0559856676690767,0.0213545332394907,0.0108932113378975,"South Tyneside",573.25,356.2,412300000,511400000,234126463.625312,141794900.505471,23082890.7799603,8804474.05464201,4491271.03461514,61310697.0295604,39488461.8417685,4764077.82807601,573347.350438288,756015.653256766,106892599.7031,1709.84387521754,6595.11165141724,429.47367074029,1110.15514428306,1280.37020447725,599.688730934481
"17","E08000024",66800,42500,6700,2635,1063,119698,0.55807114571672,0.35506023492456,0.0559742017410483,0.0220137345653227,0.00888068305234841,"Sunderland",1192.72,741.12,8.78e+08,1095400000,489986465.939281,311742886.263764,49145349.1286404,19328058.9483534,7797239.7199619,128312755.835519,86817276.3955956,10143108.6066601,1258643.19871677,1312509.36206119,227844293.398553,1903.49290212496,7335.12673561797,477.663453023442,1234.72188340657,1425.82944910151,668.771018718383
"19","E06000008",32500,26200,4900,1472,870,65942,0.49285735949774,0.397318855964332,0.0743077249704286,0.02232264717479,0.0131934123927087,"Blackburn with Darwen",536.11,333.12,360400000,445800000,177625792.362986,143193715.689545,26780504.0793425,8045082.0417943,4754905.82633223,46514866.2460951,39878017.8823815,5527228.23693549,523895.742561645,800393.297746505,93244401.4057202,1414.03659891602,5465.40899578417,355.907433805465,919.99229626035,1058.12916511055,494.04430265567
"20","E06000009",33900,19200,4000,1050,440,58590,0.578597030209933,0.327700972862263,0.0682710360129715,0.017921146953405,0.00750981396142686,"Blackpool",447.74,278.21,281500000,333800000,162875064.004096,92247823.8607271,19218296.6376515,5044802.86738351,2114012.63014166,42652093.0107527,25690096.4669739,3966464.24304489,328517.562724014,355851.746031746,72993023.0295272,1245.82732598613,4804.57415941287,312.873869260966,808.753968253968,932.953456725161,437.073357732159
"21","E06000049",134300,70600,14700,7929,5170,232699,0.577140426043945,0.303396232901731,0.0631717368789724,0.0340740613410457,0.0222175428343053,"East Cheshire",2771.06,1721.86,2235900000,2982200000,1290428278.59166,678363637.144981,141245686.487694,76186193.7524441,49676204.0232231,337924453.314797,188917489.308506,29151697.2341952,4961244.93715916,8361995.42322915,569316880.217887,2446.58069101237,9608.5501012037,625.708782590385,1617.40723853562,1820.87190842198,829.173452476747
"22","E06000050",112000,64900,11000,5720,2958,196578,0.569748395039119,0.330148846768204,0.0559574316556278,0.0290978644609265,0.0150474620761225,"West Cheshire",2322.56,1443.17,1984800000,2.568e+09,1130836614.47364,655279431.065531,111064310.35009,57753441.3820468,29866202.7286878,296132184.232213,182488768.75744,22922563.0131551,3760904.10279889,5027377.90532003,510331798.010927,2596.07788262637,10096.7554863718,657.500717272533,1699.58685102097,1938.57716535384,896.491031605403
"23","E06000063",75100,57700,9700,2428,1429,146357,0.513128856153105,0.394241478029749,0.0662762969998019,0.0165895720737648,0.00976379674357906,"Cumberland",3736,2321.44,1163600000,1563500000,597076737.019753,458739383.835416,77119099.1889694,19303626.0650328,11361153.8908286,156356485.123363,127754331.004325,15916610.8816114,1257052.12935493,1912423.03444318,303196902.173097,2071.62556060248,7950.42259680097,517.731519503679,1338.29463571951,1553.8940410988,733.330924882973
"24","E06000006",36700,21200,4000,2802,721,65423,0.56096479831252,0.324045060605597,0.0611405774727542,0.0428289745196643,0.0110205890894639,"Halton",600.53,373.15,503500000,643600000,282445775.950354,163156688.014918,30784280.7575318,21564388.670651,5548866.6065451,73964075.3481192,45437506.0452746,6353567.70554698,1404272.99023279,934040.715879736,128093462.805053,1957.92707159643,7696.07018938294,501.168090732617,1295.47949497883,1456.75898086381,662.4475766176
"25","E06000007",65800,34800,7800,3454,1688,113542,0.579521234433073,0.306494513043631,0.0686970460270208,0.0304204611509397,0.0148667453453348,"Warrington",1013.65,629.85,1326600000,1768500000,768792869.598915,406595621.003681,91133501.2594458,40355783.7628367,19722224.3751211,201323788.761868,113232814.493315,18809043.324937,2627968.63863592,3319842.02906414,339313457.24782,2988.44002437706,11683.7822127495,760.847897694245,1966.73105987212,2227.59212668282,1021.70896450494
"26","E06000064",64600,47300,6600,2266,1430,122196,0.528658875904285,0.387083046908246,0.0540115879406855,0.018543978526302,0.0117025107204818,"Westmorland and Furness",4255.1,2644,1707600000,2375400000,902737896.494157,660983010.90052,92230187.5675145,31665697.7315133,19983207.3062948,236399972.954925,184077158.705686,19035388.4120593,2062070.23627615,3363773.2858686,444938363.594815,3641.18599295243,13974.2708435628,910.00451733281,2352.28901109693,2731.18147561962,1288.8969818555
"28","E08000001",72400,42300,13000,2873,1765,132338,0.547083981925071,0.3196360833623,0.0982333116716287,0.0217095618794299,0.0133370611615711,"Bolton",1005.88,625.02,1044800000,1304500000,571593344.315314,333955779.896931,102634164.034518,22682150.2516284,13934561.5016095,149683149.075851,93003345.1434962,21182665.1150841,1477061.62438604,2345604.73756593,267691825.696384,2022.78881119847,7894.9356949629,514.118212455984,1328.9545255331,1508.67059874249,693.834285665368
"29","E08000002",59400,27700,11100,3295,2270,103765,0.572447357008625,0.26694935671951,0.106972485905652,0.0317544451404616,0.0218763552257505,"Bury",603.23,374.83,784200000,1021300000,448913217.366164,209341685.53944,83887823.4472125,24901835.87915,17155437.7680335,117556904.231677,58299566.0058787,17313607.8812702,1621607.55245025,2887774.83949309,197679460.51077,1905.06876606534,7557.46157182094,492.14189755698,1272.14750638462,1412.92686850836,632.921259680716
"30","E08000003",98500,56800,15200,16926,2091,189517,0.519742292248189,0.299709260910631,0.0802038867225632,0.08931124912277,0.0110333109958473,"Manchester",1407.8,874.77,1442200000,1738800000,749572333.880338,432240696.085312,115670045.431281,128804683.484859,15912241.118211,196290507.073244,120374711.452798,23873140.676562,8387760.98853401,2678507.54742846,351604627.738567,1855.26695620217,7609.87140995267,495.554826216118,1280.96965443733,1359.71212998605,574.297301764839
"31","E08000004",56200,32900,8000,2010,1303,100413,0.559688486550546,0.327646818639021,0.0796709589395795,0.0200173284335694,0.012976407437284,"Oldham",832.91,517.55,583900000,7.25e+08,326802107.296864,191312977.403324,46519872.9248205,11688118.0723611,7576924.30263014,85579667.8378298,53278751.0770518,9601236.5729537,761130.248872158,1275423.66786173,150496209.404569,1498.77216500422,5814.98411560256,378.671765608039,978.836276179379,1120.10039939619,519.935888824845
"32","E08000005",53700,33300,8100,2126,1310,98536,0.544978485020703,0.337947552163676,0.0822034586344077,0.021575870747747,0.0132946334334659,"Rochdale",792.22,492.26,848100000,1132900000,462196253.146058,286613318.990014,69716753.2678412,18298495.9811642,11275178.6149225,121035332.811358,79818943.2055289,14388840.7069497,1191598.05829342,1897950.8162499,218332665.59838,2215.76546235265,8607.00657627669,560.488268247138,1448.81741698466,1655.27719410551,766.94804536799
"33","E08000006",59900,31300,7000,2451,1376,102027,0.587099493271389,0.306781538220275,0.0686092896978251,0.0240230527213385,0.0134866260891725,"Salford",818.37,508.51,1128100000,1486300000,662306938.359454,346080253.266292,77398139.7081165,27100405.7749419,15214262.8911955,173438317.94819,96379889.7321297,15974202.0543582,1764778.42406422,2561016.87247493,290118205.031217,2843.54342508569,11056.8771011595,720.023836827506,1861.20412243818,2123.51958825818,982.339302647507
"34","E08000007",113500,57100,23600,103397,51236,348833,0.325370592805153,0.163688641842945,0.0676541496934063,0.296408309993607,0.146878305664888,"Stockport",991.61,616.16,1028700000,1258800000,334708728.818661,168386505.863837,69595823.7896071,304915228.490424,151093713.037471,87650174.8157428,46893958.0180201,14363882.071937,19856079.6792964,25433604.7155974,194197699.300594,556.706788923622,2948.97558430538,192.037290049967,496.401060106125,364.669498873655,60.3057288174962
"35","E08000008",60500,32200,7300,1969,1110,103079,0.586928472336751,0.31238176544204,0.0708194685629469,0.0191018539178688,0.0107684397403933,"Tameside",771.16,479.18,611600000,769200000,358965453.681157,191052687.744351,43313186.9730983,11682693.8561686,6585977.74522454,94002283.3554846,53206263.0099244,8939408.65937776,760777.023913697,1108617.63385365,158017349.682554,1532.97325044436,5933.31328398607,386.377361053173,998.754625093375,1146.59588939119,534.218625350985
"36","E08000009",66700,32100,8300,3593,2048,112741,0.591621504155542,0.284723392554616,0.0736200672337481,0.0318695062133563,0.0181655298427369,"Trafford",823.9,511.95,808600000,9.9e+08,478385148.260172,230227335.219663,59529186.3652087,25769682.7241199,14688647.4308371,125274718.774891,64116010.5853239,12286228.7739154,1678121.73899469,2472540.0220328,205827619.895158,1825.6678572583,7172.1911283384,467.053086277397,1207.2949326332,1358.6147709809,618.372924625096
"37","E08000010",92700,54400,9700,3441,1856,162097,0.571879800366447,0.335601522545143,0.0598407126597038,0.0212280301301073,0.011449934298599,"Wigan",1183.98,735.69,980200000,1251200000,560556580.319192,328956612.398749,58655866.5490416,20807715.1335312,11223225.5994867,146792951.688187,91611126.9869276,12105984.2970567,1354998.40949555,1889205.5651616,253754266.946828,1565.44702830298,6046.99655144759,393.780415430267,1017.89092950517,1171.66661287271,547.556098797807
"38","E10000017",340000,222000,38100,15256,8037,623393,0.545402338492733,0.356115644545255,0.0611171444016856,0.0244725237530739,0.0128923488072532,"Lancashire",7142.2,4437.96,5672700000,7331600000,3093903845.56772,2020137216.81187,346699225.047442,138825285.494062,73134427.0789053,810200600.03882,562588013.509937,71555253.0575415,9040302.59137334,12310718.1101921,1465694887.30786,2351.15711486633,9099.71719284625,592.573583598148,1531.75539507181,1758.58353126818,819.401719794517
"52","E08000011",36800,21900,4400,1712,844,65656,0.560497136590715,0.333556719873279,0.0670159619836725,0.0260753015718289,0.0128548799805044,"Knowsley",608.65,378.2,809900000,1026700000,453946630.92482,270147587.425369,54276227.6105763,21118386.7430242,10411167.2962106,118875004.240283,75233401.6220909,11202070.6165469,1375229.34470574,1752511.79097112,208438217.614597,3174.70174263734,12335.506275131,803.28816863653,2076.4357712928,2371.41357400081,1098.26597134454
"53","E08000012",96600,51300,11900,3843,1945,165588,0.583375606928038,0.309805058337561,0.0718651109983815,0.0232082034930067,0.0117460202430128,"Liverpool",1432.73,890.26,1121700000,1363100000,654372418.29118,347508333.937242,80611095.0068846,26032641.8581057,13175510.9065874,171360505.177911,96777595.9181825,16637323.8984709,1695245.63779984,2217833.75090586,288688504.383271,1743.41440432441,6774.04159721719,441.125588810783,1140.27442205957,1302.28881551363,603.139982264841
"54","E08000014",74700,40100,9000,2918,1574,128292,0.582265456926387,0.312568203785115,0.0701524646899261,0.0227449879961338,0.0122688866024382,"Sefton",1004.24,624.01,597800000,741800000,348078290.150594,186853272.222742,41937143.3916378,13596953.8240888,7334340.41093755,91151261.841736,52036767.7813114,8655407.02460013,885433.633024662,1234589.52137312,153963459.802045,1200.10179747798,4659.68259907087,303.438530851495,784.364371901599,896.663266626487,415.737425576383
"55","E08000013",52500,28100,5600,2090,1005,89295,0.587938854359147,0.314687272523658,0.062713477798309,0.0234055658211546,0.0112548294977322,"St. Helens",746.82,464.05,653300000,859400000,384100453.55283,205585195.139705,40970715.0456353,15290856.1509603,7352780.11086847,100584385.77188,57253420.9944566,8455945.87826866,995740.552550535,1237693.47606249,168527186.673218,1887.30821068613,7316.19911529201,476.430886387816,1231.5357970771,1410.87732429831,655.772413609026
"56","E08000015",94200,47100,9500,3672,1708,156180,0.60315021129466,0.30157510564733,0.0608272506082725,0.0235113330772186,0.0109360993725189,"Wirral",1219.52,757.77,909500000,1.105e+09,548565117.172493,274282558.586247,55322384.4282238,21383557.4337303,9946382.37930593,143652747.233961,76384949.7406838,11417986.9221411,1392497.26008452,1674274.54590857,234522455.702779,1501.6164406632,5823.40888718146,379.220386733257,980.254417979255,1122.39605392995,521.362022683947
"58","E06000011",103900,71500,11000,4437,2809,193646,0.536546068599403,0.369230451442323,0.0568046848372804,0.0229129442384557,0.0145058508825382,"East Riding of Yorkshire",3508.08,2179.82,1742300000,2351600000,934824215.32074,643310215.547959,98970802.3919936,39921222.7466614,25273543.9926464,244802417.266042,179155461.927951,20426583.9056836,2599670.02526259,4254295.66028216,451238428.785221,2330.22333941946,8997.34567199942,585.907150160602,1514.52319696766,1744.31618925886,815.700142451801
"59","E06000010",56400,38600,4300,1672,887,101859,0.55370659440992,0.3789552224153,0.042215219077352,0.0164148479761239,0.00870811612130494,"Kingston upon Hull, City of",761.7,473.3,589100000,750400000,326188554.766884,223242521.524853,24868985.5584681,9669986.94273457,5129951.20706074,85418996.8368038,62170809.8194563,5132709.92941223,629709.549710875,863524.686684535,154215750.822068,1514.01202468184,5783.48501359723,376.620544085451,973.534032338821,1137.39148059639,540.477992343021
"60","E06000012",41300,26600,4100,1344,814,74158,0.556919010760808,0.358693600151029,0.0552873594217751,0.0181234661128941,0.0109765635534939,"North East Lincolnshire",652.57,405.49,4.81e+08,6.12e+08,267878044.175949,172531621.672645,26593219.8818738,8717387.20030206,5279727.06923056,70149223.4283557,48048331.3196149,5488574.65141994,567676.25448367,888736.457563581,125142542.111438,1687.51236699261,6486.15119070094,422.378165538445,1091.81382993069,1265.13420145416,595.698537061918
"61","E06000013",44100,39800,4500,1866,1223,91489,0.482025161494824,0.435024975680136,0.0491862409688596,0.0203958945884205,0.013367727267759,"North Lincolnshire",1430.42,888.82,774900000,1126300000,373521297.64234,337100853.654538,38114418.1267693,15804778.716567,10358651.8597864,97814022.2135994,93879216.7342522,7866434.75718392,1029207.19002284,1743671.86755785,202332552.762616,2211.55059911701,8469.87069483763,551.557979647827,1425.73333406202,1659.99261946919,785.817265054993
"62","E06000065",184600,124900,21600,9960,6726,347786,0.53078617310645,0.359128889604527,0.0621071578499422,0.02863830056414,0.0193394788749403,"North Yorkshire",8753.27,5439.03,3989300000,5460700000,2117465280.37356,1432672879.29934,247764084.810774,114246772.440524,77150983.0757995,554500632.971425,398985070.156073,51136029.4640957,7439749.82132691,12986824.9811493,1025048307.39407,2947.35356625646,11470.5594819803,746.962833466557,1930.83927760174,2200.3907327899,1016.51428865472
"63","E06000014",49900,26100,6100,2354,1358,85812,0.581503752388943,0.304153265277584,0.0710856290495502,0.0274320607840395,0.0158252924998835,"York",816.41,507.29,657900000,827100000,382571318.696686,200102433.226122,46767235.3516991,18047552.7898196,10411459.9356733,100183951.227101,55726526.6291428,9652289.70423717,1175256.63767305,1752561.05097189,168490585.249126,1963.48512153459,7666.75989372116,499.259404279122,1290.54569291008,1464.22571725547,672.939428624504
"65","E08000016",61900,48900,6600,2851,1402,121653,0.508824278891602,0.401962960222929,0.0542526694779414,0.0234355091941835,0.0115245822133445,"Barnsley",1202.99,747.5,987100000,1310100000,502260445.6939,396777638.036053,53552810.0416759,23133191.1255785,11375915.1027924,131526942.913862,110498604.416661,11052764.4645015,1506433.40609767,1914907.78925304,256499652.990374,2108.45316589294,8114.06212752665,528.387725744536,1365.84007792656,1580.06544014841,742.613087966382
"66","E08000017",72700,66700,10600,5219,2674,157893,0.460438398155713,0.422437980151115,0.0671340718081232,0.0330540302609995,0.0169355196240492,"Doncaster",1695.29,1053.4,1555600000,2177500000,716257972.171027,657144521.923074,104433762.104716,51418849.4740109,26344894.3271709,187566475.172427,183008177.910357,21554084.1607924,3348395.47774759,4434636.06209268,399911768.783417,2532.80239645467,9852.24170799212,641.577980024447,1658.42784670631,1891.22441643022,874.374549748353
"67","E08000018",67000,53600,7500,3082,1562,132744,0.504730910624962,0.40378472849997,0.0564997288013018,0.0232176218887483,0.0117670101850178,"Rotherham",1196.98,743.77,1148700000,1547100000,579784397.034894,463827517.627915,64901238.4740553,26670082.2636051,13516764.5995299,151828140.051528,129171325.384198,13394966.6086603,1736755.75700597,2275276.98503887,298406464.786431,2247.98457773181,8653.49846320738,563.515819924064,1456.6433963117,1684.46875780774,791.341181420109
"68","E08000019",127900,79700,16100,6272,4452,234424,0.545592601440126,0.339982254376685,0.0686789748489916,0.0267549397672593,0.0189912295669385,"Sheffield",1971.98,1225.33,1387200000,1765200000,756846056.717742,471623383.271337,95271473.9105211,37114452.4451421,26344633.6552571,198195276.872675,131342396.007235,19663079.5003925,2416893.14322766,4434592.18318943,356052237.706719,1518.83867567621,5917.48285158516,385.346483295226,996.08988840733,1133.49219238098,522.748787268878
"70","E08000032",113700,84600,19400,4848,3276,225824,0.503489443106136,0.374628028907468,0.0859076094657787,0.0214680459118606,0.0145068726087573,"Bradford",1827.75,1135.71,1221400000,1508100000,614962005.809834,457570674.507581,104927554.201502,26221071.2767465,17718694.2043361,161040100.461421,127428857.143616,21655997.911648,1707516.16154173,2982587.7954159,314815059.473643,1394.07263830967,5408.63681451042,352.210429360918,910.435834986538,1041.86220894875,483.636803323133
"71","E08000033",54300,31900,6000,2150,1526,95876,0.566356543869164,0.332721431849472,0.0625808335767032,0.0224247986983187,0.0159163920063415,"Calderdale",1152.89,716.37,731900000,971600000,414516354.457841,243518815.970629,45802912.0947891,16412710.1672994,11649207.3094414,108549397.741875,67817555.0596604,9453263.02724352,1068795.68609454,1960911.06639826,188849922.581272,1969.73092933864,7633.81868246485,497.114272602111,1285.00069881931,1472.61665673653,684.730230519334
"72","E08000034",112200,69700,14100,4579,3015,203594,0.551096790671631,0.342348006326316,0.069255479041622,0.0224908396121693,0.0148088843482617,"Kirklees",1927.67,1197.8,1306900000,1732400000,720228395.728754,447414609.467863,90509985.5594959,29393278.2891441,19353730.9547433,188606209.989489,124600494.590705,18680355.9196243,1914090.28218906,3257813.53161193,337058964.313619,1655.54468360374,6419.14791202098,418.014912030806,1080.53516803049,1237.52977157293,575.009515573245
"73","E08000035",211200,111400,42600,49269,23408,437877,0.482327228879343,0.254409343263062,0.0972875944614583,0.112517898862009,0.0534579345341272,"Leeds",2948.67,1832.22,3.215e+09,4178400000,1550682040.84709,817926038.590746,312779616.193589,361745044.84136,171867259.527219,406077106.036627,227784222.487137,64554584.9861948,23556837.3200693,28930415.7962167,750903166.626244,1714.87236513049,7342.24451158659,478.126962594518,1235.92001863537,1236.74540253597,478.952346495121
"74","E08000036",92400,66500,9900,3982,2218,175000,0.528,0.38,0.0565714285714286,0.0227542857142857,0.0126742857142857,"Wakefield",1498,930.81,1414200000,1904400000,746697600,537396000,80003314.2857143,32179110.8571429,17923974.8571429,195537700.512,149659412.04,16511884.0354286,2095503.69901714,3017142.68770286,366821642.974149,2096.12367413799,8081.14285714286,526.244022857143,1360.29877714286,1569.87965128085,735.824896995134
"76","E06000015",63100,42300,7800,4119,3058,120377,0.524186514035073,0.351396030803227,0.0647964312119425,0.0342175000207681,0.0254035239289898,"Derby",783.83,487.05,1022100000,1213500000,535771035.995248,359161883.083978,66228432.3417264,34973706.7712271,25964941.8078204,140302361.196076,100022992.820057,13668886.1510089,2277487.78494231,4370678.65451041,260642406.606594,2165.21766289735,8490.82465919569,552.922501806824,1429.26051488241,1612.29516109053,735.957148014939
"77","E06000016",81700,49300,19400,3926,6170,160496,0.509046954441232,0.307172764430266,0.120875286611504,0.0244616688266374,0.0384433256903599,"Leicester",836.93,520.04,850200000,1022500000,432791720.665936,261158284.318612,102768168.677101,20797310.8364071,32684515.501944,113335167.890789,72729970.5998904,21210322.3332669,1354320.88166683,5501784.49444223,214131566.200055,1334.18631118567,5297.32828232479,344.96201774499,891.699269763732,989.224293440677,442.487041421935
"78","E06000061",107600,74400,10500,6721,4724,203945,0.527593223663243,0.364804236436294,0.0514844688518963,0.0329549633479615,0.0231631077006056,"North Northamptonshire",1901.26,1181.39,1.744e+09,2314500000,920122582.068695,636218588.344897,89788913.6777072,57473456.0788448,40396459.8298561,240952500.566329,177180514.66817,18531533.893942,3742671.45985437,6799936.08315968,447207156.671456,2192.78313599968,8551.32511216259,556.862291304028,1439.44455613033,1635.92084469566,753.338579869355
"79","E06000018",55200,36500,8200,2456,1322,103678,0.532417677810143,0.352051544204171,0.0790910318486082,0.0236887285634368,0.0127510175736415,"Nottingham",801.22,497.86,861100000,1069600000,458464862.362314,303151584.714211,68105287.5248365,20398364.1659754,10979901.2326627,120058193.506819,84424684.8270607,14056250.292251,1328341.47448832,1848246.77449411,221715716.875113,2138.50302740324,8305.5228688825,540.855649221628,1398.06866451899,1597.64737818161,740.434362884251
"80","E06000017",12700,8100,1200,660,486,23146,0.548690918517238,0.349952475589735,0.0518448111984792,0.0285146461591636,0.0209971485353841,"Rutland",559.84,347.87,320800000,440600000,176020046.66033,112264754.169187,16631815.4324721,9147498.48785967,6735885.25015121,46094369.6189406,31264611.3885769,3432640.38710792,595685.101529422,1133851.56415795,82521158.0603128,3565.24488293065,13859.8461937268,902.553184135488,2333.02790979003,2662.69169879516,1232.21697314062
"81","E06000062",124800,83300,14300,6160,3650,232210,0.537444554498084,0.358727014340468,0.0615821885362388,0.0265277119848413,0.0157185306403686,"West Northamptonshire",2639.41,1640.05,2733700000,3784500000,1469212178.63141,980652039.102536,168347228.801516,72518806.2529607,42969747.2115757,384742593.218208,273101786.369665,34745184.5523449,4722424.6631928,7233097.54812454,704545086.351535,3034.08589790076,11772.5334826235,766.627380388441,1981.67056113001,2267.45851751232,1052.41533677075
"82","E10000007",241300,158900,26300,11965,7356,445821,0.541248617718771,0.356421074825995,0.0589922861417475,0.0268381256154376,0.0164998956980492,"Derbyshire",5707.74,3546.63,4146600000,5459900000,2244341518.23265,1477935628.87347,244617413.71537,111286971.676973,68418467.5015309,587725713.379585,411590293.284973,50486588.0167152,7247007.59560451,11516880.6345327,1068566482.91141,2396.85093997683,9301.04234659202,605.683877610072,1565.64445820183,1791.16706236676,831.206481774997
"91","E10000018",223900,145800,22400,12374,8301,412775,0.542426261280359,0.353219066077161,0.0542668524014294,0.029977590697111,0.0201102295439404,"Leicestershire",4739.27,2944.85,3875400000,5243200000,2102118732.9659,1368865168.67543,210305759.796499,116175154.987584,77935183.5745866,550481832.601781,381215260.82442,43405005.7643995,7565326.09279147,13118829.4511102,995786254.734502,2412.41900486827,9388.64999091515,611.388887408394,1580.39145297075,1801.03011745988,832.027551897527
"99","E10000019",216800,168500,22700,9380,5595,422975,0.512559843962409,0.398368697913588,0.0536674744370235,0.0221762515515101,0.013227732135469,"Lincolnshire",8973.01,5575.57,3236700000,4386500000,1659002446.95313,1289399964.53691,173705514.510314,71777873.3967729,42814200.6028725,434442970.783616,359084996.123884,35851081.1397837,4674175.11559785,7206914.38748153,841260137.550364,1988.91219942163,7652.2253088244,498.312912110645,1288.09908623441,1490.59928731098,700.813113187218
"107","E10000024",236800,153900,25700,12206,6266,434872,0.544528045033941,0.353897238727718,0.0590978494821465,0.0280680292131938,0.0144088375430012,"Nottinghamshire",4518.9,2807.91,3650700000,4.863e+09,1987908534.00541,1291972649.42328,215748519.104472,102467954.248606,52602343.2182343,520573607.799996,359801463.137889,44528336.857972,6672713.18066925,8854552.43392538,940430673.410452,2162.54592940095,8394.88401184716,546.674846851487,1413.11082571423,1615.87108254947,749.435103686721
"116","E06000019",58700,43200,5000,2532,1472,110904,0.52928659020414,0.389526076606795,0.045084036644305,0.022830556156676,0.0132727403880834,"Herefordshire, County of",3351.47,2082.51,900300000,1248900000,476516717.160788,350690326.769098,40589158.1908678,20554349.7078554,11949448.1713915,124785432.722895,97663749.101926,8377196.3590132,1338499.25297555,2011450.61069033,234176328.047501,2111.52283098446,8117.83163817356,528.633196277862,1366.47459965375,1582.8896347066,745.048231330705
"117","E06000051",97500,71600,9200,4189,2433,184922,0.527249326743167,0.387190274818572,0.049750705702945,0.0226527941510475,0.013156898584268,"Shropshire",5188.61,3224.05,1603600000,2188700000,845497020.365343,620898324.699062,79780231.6652426,36326020.7006197,21098402.5697321,221410304.723072,172913974.445442,16465842.0133894,2365550.46802436,3551494.10456301,416707165.754491,2253.42125736522,8671.76431143942,564.705291960935,1459.7180865446,1688.71596540428,793.703170820622
"118","E06000021",64700,41300,7900,2415,1110,117425,0.550989993612944,0.351713859910581,0.0672769853097722,0.0205663189269747,0.00945284223972749,"Stoke-on-Trent",887.76,551.63,696700000,8.68e+08,383874728.550138,245039046.199702,46871875.6653183,14328554.3964232,6585795.18841814,100525275.165425,68240923.976155,9673886.41856504,933075.462295082,1108586.90406643,180481747.926506,1536.99593720678,5933.14881839472,386.366651053864,998.726940600383,1150.62928615292,538.268996606398
"119","E06000020",51300,36900,6000,2528,1167,97895,0.524030849379437,0.376934470606262,0.0612901578221564,0.0258235864957352,0.0119209356964094,"Telford and Wrekin",1091.88,678.46,746600000,949200000,391241432.146688,281419275.754635,45759231.830022,19279889.6777159,8900170.59093927,102454393.836253,78372454.1049083,9444247.85739823,1255506.41581286,1498165.71557281,193024767.929945,1971.75308166858,7626.53863833699,496.640196128505,1283.77524899127,1475.11288554007,687.977832677311
"120","E10000028",270400,166800,28500,12289,7014,485003,0.557522324604178,0.343915398461453,0.0587625231184137,0.0253379876000767,0.0144617662158791,"Staffordshire",6326.4,3931.04,4539200000,6136600000,2530705335.84328,1561100776.69623,266734844.939103,115014193.314268,65644849.2071183,662715806.297281,434750955.302132,55051404.6469816,7489724.26862514,11049997.4670342,1171057887.98205,2414.53741107179,9359.11736628433,609.465722892436,1575.42022626664,1805.07168817936,839.117184805153
"129","E10000031",194400,111300,19400,9954,5541,340595,0.570765865617522,0.326781074296452,0.0569591450256169,0.0292253262672676,0.0162685887931414,"Warwickshire",4364.58,2712.02,4657600000,6269700000,2658399095.70017,1522015531.64315,265292913.871313,136119879.622425,75772579.1629355,696154971.191004,423866105.407302,54753804.4939004,8864126.56101235,12754798.2504969,1196393805.90372,3512.65815970204,13674.8924675935,890.508997489687,2301.89464907001,2622.14916221235,1210.76351063203
"136","E08000025",260800,123100,33700,8392,5199,431191,0.604836371816666,0.285488333476348,0.0781556201312179,0.0194623728231804,0.0120573017525876,"Birmingham",2588.09,1608.16,2980400000,3657300000,1802654322.56239,850869429.092908,232935010.239082,58005655.962207,35935582.1434121,472061087.449413,236958627.308084,48075456.7632441,3777328.31625892,6049036.54220056,766921536.379201,1778.61211476863,6912.01810798463,450.110619191959,1163.50000811705,1328.50149557667,615.112106651579
"137","E08000026",82900,51400,9200,2797,2745,149042,0.55621905234766,0.344869231491794,0.0617275667261577,0.0187665221883764,0.0184176272460112,"Coventry",899.54,558.95,1006600000,1229500000,559890098.093155,347145368.41964,62134968.6665504,18890381.2348197,18539183.5858349,146618419.987654,96676513.6511856,12824036.1830893,1230141.62601146,3120700.77300358,260469812.220944,1747.62692543675,6753.80094201634,439.807517344104,1136.86731256961,1307.81940809265,610.759612867141
"138","E08000027",97100,50200,9700,3267,1926,162193,0.598669486352679,0.309507808598398,0.059805293693316,0.0201426695356766,0.0118747418199306,"Dudley",1045.26,649.49,853300000,1071600000,510844672.704741,264103013.077013,51031857.1085065,17187739.9147929,10132717.1949468,133774894.44119,73550048.1118174,10532464.9886247,1119265.62325131,1705640.28542539,220682313.450309,1360.61552255837,5261.01619675325,342.597374732572,885.586856399475,1018.0181478258,475.028666158892
"139","E08000028",78200,49400,8600,2252,1595,140047,0.558383971095418,0.352738723428563,0.0614079559005191,0.0160803158939499,0.0113890336815498,"Sandwell",855.65,531.68,1027900000,1357500000,573962883.88898,362580133.81222,63121237.8701436,16528956.7073911,11706787.721265,150303660.404007,100974941.465365,13027592.2840189,1076365.66078531,1970603.57712054,267353163.391297,1909.0245659764,7339.67882210972,477.959884895785,1235.48813612573,1431.06468108062,673.536429850673
"140","E08000029",71300,32800,9300,7190,3572,124162,0.574249770461172,0.26417100240009,0.0749021439731963,0.0579082166846539,0.0287688664808879,"Solihull",881.15,547.52,1127600000,1434300000,647524041.172017,297879222.306342,84459657.5441762,65297305.1336158,32439773.8438492,169567120.661716,82956384.6200931,17431628.7205425,4252160.51030106,5460587.13113513,279667881.643788,2252.44343393138,9081.68360690066,591.399236481371,1528.71980154959,1661.04419745001,723.723632381791
"141","E08000030",71300,45800,7200,2317,1523,128140,0.556422662712658,0.35742157015764,0.0561885437802404,0.0180817855470579,0.0118854378024036,"Walsall",881.8,547.93,766800000,1.018e+09,426664897.768066,274070859.996878,43085375.3706883,13865113.157484,9113753.7068831,111730736.778523,76325993.8005307,8892390.62275636,902896.168815358,1534118.16147963,199386135.532106,1556.00230632203,5984.0799125956,389.683283908225,1007.30017168722,1166.31902241381,548.702134634818
"142","E08000031",63600,43200,7000,2192,1316,117308,0.542162512360623,0.368261329150612,0.0596719746308862,0.0186858526272718,0.0112183312306066,"Wolverhampton",744.82,462.81,585700000,722100000,317544583.489617,215690660.483513,34949875.5413101,10944303.8837931,6570576.60176629,83155400.078426,60067692.0380537,7213304.81297098,712693.068912606,1106025.15937532,152255115.157739,1297.90905273075,4992.83936304429,325.133699321444,840.444649981246,972.775353409304,457.464402749502
"143","E10000034",207000,117200,22000,10699,6242,363141,0.570026518624997,0.322739652091061,0.0605825285495166,0.029462385134149,0.0171889156002765,"Worcestershire",4288.77,2664.92,3480300000,4.594e+09,1983863292.77058,1123230811.17252,210845374.110883,102537938.982379,59822582.9636422,519514280.477831,312808548.603435,43516376.762745,6677270.5865325,10069935.3902699,892586411.820813,2457.96098986568,9583.88064140375,624.102307368212,1613.25462836749,1833.85868249747,844.706361498188
"151","E06000055",55500,30900,8700,2861,1844,99805,0.556084364510796,0.309603727268173,0.0871699814638545,0.0286658985020791,0.0184760282550974,"Bedford",986.24,612.82,675800000,870200000,375801813.536396,209230198.887831,58909473.4732729,19372414.207705,12486099.8947949,98411220.910776,58268518.0882721,12158326.2301488,1261531.61320575,2101785.19529082,172201382.037694,1725.37830807769,6771.20384750263,440.940794549371,1139.79674365012,1284.43751352832,585.581564427569
"152","E06000056",104600,51500,10800,5326,3128,175354,0.596507635982071,0.293691618098247,0.0615896985526421,0.0303728457862381,0.0178382015808023,"Central Bedfordshire",1492.14,927.17,1554700000,2114100000,927390421.661325,456602358.657345,95753504.3397927,47220663.3438644,27733051.9976733,242855729.720451,127159190.862484,19762565.7606898,3075009.59695245,4668304.64276834,397520800.583346,2266.96169225307,8866.06521664747,577.358166908083,1492.42475791827,1689.60352534499,774.536934334807
"153","E06000032",49800,31400,8000,1665,1489,92354,0.539229486540919,0.339996101955519,0.0866232106893042,0.0180284557247114,0.0161227450895467,"Luton",468.8,291.3,409800000,508600000,220976243.584468,139330402.581372,35498191.7404769,7388061.15598675,6607100.93769625,57867048.9074648,38802123.8148862,7326471.79331702,481110.542477857,1112173.30084241,105588928.358988,1143.30649846231,4437.27396755961,288.955280767482,746.926326959309,854.351217694829,396.380171503002
"154","E06000031",70900,46100,14400,48459,27569,207428,0.341805349326031,0.22224579131072,0.0694216788476001,0.233618412171934,0.132908768343714,"Peterborough",1005.94,625.06,944900000,1214800000,322971874.578167,210000048.209499,65596544.3430974,220746037.661261,125585495.207976,84576644.7957845,58482913.4258634,13538470.7869719,14374981.9725013,21139806.4083586,192112817.38948,926.166271619452,4555.31557938176,296.64215052934,766.796271477332,629.524121090112,159.37000014212
"155","E06000033",54300,20000,5000,1517,895,81712,0.66452907773644,0.244762091247308,0.0611905228118269,0.0185652046211083,0.010953103583317,"Southend-on-Sea",458.05,284.62,331400000,400700000,220224936.361856,81114157.0393577,20278539.2598394,6152508.81143528,3629858.52751126,57670304.0850793,22589481.5938907,4185287.71783826,400651.373800666,611014.08593597,85456738.8565449,1045.82850568515,4055.70785196789,264.107695320149,682.697302721754,781.720810365001,363.131202963395
"156","E06000034",52500,23400,6100,1858,1604,85462,0.614308113547542,0.273805902038333,0.071376752240762,0.0217406566661206,0.018768575507243,"Thurrock",608.18,377.91,806500000,1129400000,495439493.576092,220824459.993915,57565350.6821745,17533839.6012263,15136856.1465915,129740740.182771,61497403.8637055,11880912.727294,1141803.63483185,2547986.99515574,206808847.403758,2419.89243644846,9436.94273478271,614.53371088905,1588.52057054597,1805.35872555941,831.371865902487
"157","E10000003",195400,124900,22100,11808,7199,361407,0.540664679986829,0.345593748875921,0.0611498947170365,0.0326723057384057,0.0199193706818075,"Cambridgeshire",4699.04,2919.85,3811100000,5248200000,2060527161.8978,1317092336.34102,233048363.756098,124517424.399638,75914713.6054365,539590247.886178,366797044.747611,48098851.795621,8108574.67690443,12778723.7412031,975373442.847518,2698.82277556195,10545.1748305927,686.701784968194,1775.06927923366,2012.12099059376,923.75349632829
"163","E10000012",507900,232900,56600,20911,15557,833868,0.609089208363914,0.279300800606331,0.0678764504693788,0.0250771105258866,0.0186564300344899,"Essex",8383.97,5209.56,7251800000,9708100000,4416993121.21343,2025433545.83699,492226443.513842,181854190.111624,135292699.324114,1156677988.65216,564062988.180144,101590615.676822,11842344.860069,22773820.0772281,1856947757.44642,2226.90852442644,8696.58027409614,566.321307449141,1463.8953575386,1660.58721697729,763.013166887832
"176","E10000015",398400,142900,47500,20395,12767,621962,0.640553602953235,0.229756801862493,0.0763712252517035,0.0327913924001788,0.0205269775323894,"Hertfordshire",5020.33,3119.49,5592400000,7361600000,3582231969.15567,1284891938.73581,427098440.097627,183382582.85876,114795069.152135,938079085.762796,357829556.018535,88148847.0517491,11941873.7957624,19323453.9903788,1415322816.61922,2275.57763435583,8991.54610731845,585.529482508578,1513.54695624492,1690.04815184725,762.030678110915
"187","E10000020",269100,191400,24600,10704,5487,501291,0.53681394639042,0.381814155849596,0.0490732927580986,0.0213528668976702,0.0109457381042149,"Norfolk",9975.12,6198.25,4246900000,5.544e+09,2279795148.92547,1621526538.47765,208409367.014369,90683490.4277156,46485455.1547903,597009955.649114,451578925.700641,43013609.2580956,5905308.89665284,7824896.66620586,1105332696.17071,2204.97215423917,8471.92548838898,551.69178780389,1426.07921746052,1653.28036643528,778.892936778656
"195","E10000029",245500,158100,21200,9506,5424,439730,0.558297136879449,0.359538807904851,0.0482114024515043,0.021617810929434,0.0123348418347622,"Suffolk",6784.7,4215.82,3096500000,4181900000,1728767084.34721,1113311918.67737,149286607.691083,66939551.5429923,38194837.7413413,452712236.378005,310046236.232461,30811262.9613627,4359103.59647966,6429337.03699998,804358176.205308,1829.20923340529,7041.82111750392,458.563391171855,1185.34974870944,1370.64584223343,643.859484695854
"203","E09000007",24800,5100,4100,3351,1783,39134,0.633720038840906,0.130321459600348,0.10476823222773,0.0856288649256401,0.0455614044053764,"Camden",277.18,172.23,196300000,277800000,124399243.62447,25582102.5195482,20566003.9863035,16808946.1849032,8943703.68477539,32576429.9279399,7124359.73066898,4244617.56273317,1094598.57556089,1505493.64125824,46545499.4381612,1189.38773031536,5016.09853324475,326.648336484898,844.359866101089,862.739393830459,345.027864214269
"204","E09000001",1000,400,200,822,233,2655,0.376647834274953,0.150659133709981,0.0753295668549906,0.309604519774011,0.087758945386064,"City of London",47.58,29.56,47600000,74100000,17928436.9114878,7171374.7645951,3585687.38229755,14737175.1412429,4177325.80037665,4694919.7740113,1997156.15819209,740050.018832392,959684.84519774,703169.251977401,9094980.04821092,3425.60453793255,17928.4369114878,1167.49981167608,3017.89378531073,2258.10472625647,407.710752621816
"205","E09000012",27300,6000,4400,1542,1176,40418,0.675441634915137,0.14844871097036,0.10886238804493,0.0381513187193825,0.0290959473501905,"Hackney",270.43,168.04,195400000,2.74e+08,131981295.462418,29006878.1236083,21271710.6239794,7454767.67776733,5685348.11222723,34561941.8427433,8078125.48864367,4390268.35568311,485454.471176209,957014.647731209,48472804.8059775,1199.2875650942,4834.47968726805,314.821317234895,813.787965757831,884.466247859308,385.499599336373
"206","E09000013",26600,6500,4000,6414,2335,45849,0.580165325306986,0.141769722349451,0.0872429060612009,0.139893999869136,0.050928046413226,"Hammersmith and Fulham",220.05,136.73,212300000,301200000,123169098.562673,30097712.0547885,18521668.956793,29699496.1722175,10812024.2535279,32254291.8406072,8381911.83013806,3822687.2559925,1934031.1907348,1819988.04259635,48212910.1600689,1051.558598008,4630.41723919824,301.532770616589,779.438133874239,750.025827391413,272.120464133763
"207","E09000014",41600,8700,6200,2328,2167,60995,0.682023116648906,0.142634642183786,0.10164767603902,0.0381670628740061,0.0355275022542831,"Haringey",354.02,219.98,235400000,321400000,160548241.659152,33576194.7700631,23927862.9395852,8984526.60054103,8363174.03065825,42042768.0432822,9350634.48151488,4938471.63210099,585072.372227232,1407773.0845807,58324719.613706,956.221323283975,3859.33273219116,251.319747520289,649.641478809739,704.901575763686,306.579844474236
"208","E09000019",22400,4500,3400,1783,1215,33298,0.672713075860412,0.135143251846958,0.102108234728813,0.053546759565139,0.0364886779986786,"Islington",236.39,146.89,154600000,225200000,104001441.52802,20893146.7355397,15785933.0890744,8278329.0287705,5641149.61859571,27234857.4929425,5818532.43438044,3258058.73025407,539084.786353535,949574.715298216,37800108.1592288,1135.20656373442,4642.92149678659,302.347047870743,781.542975554087,832.859515863679,353.663588180335
"209","E09000020",23800,6000,2800,2688,2045,37333,0.637505692015107,0.160715720676077,0.0750006696488361,0.0720006428628827,0.0547772747970964,"Kensington and Chelsea",213.86,132.89,213200000,309500000,135916213.537621,34264591.6481397,15990142.7691319,15350537.0583666,11678514.986741,35592378.8390968,9542346.12809043,3300205.56612113,999626.973240832,1965844.4277181,51400401.9342673,1376.80877331764,5710.76527468995,371.88503468781,961.29311868856,1004.92373862983,415.515654629075
"210","E09000022",42600,8000,4900,2190,1774,59464,0.716399838557783,0.134535180949818,0.0824027983317638,0.0368290057850128,0.0298331763756222,"Lambeth",383.25,238.14,317500000,452800000,227456948.742096,42714919.9515673,26162888.470335,11693209.3367416,9472033.49926006,59564151.1670927,11895678.057312,5399758.55139244,761461.79200861,1594427.39893045,79215476.9667362,1332.15856596825,5339.36499394592,347.699448405758,898.775309430916,984.459117562495,433.383256537337
"211","E09000023",53900,9500,6200,2124,1618,73342,0.734913146628126,0.129530146437239,0.0845354639906193,0.0289602137929154,0.0220610291511003,"Lewisham",433.46,269.34,3.31e+08,448100000,243256251.53391,42874478.4707262,27981238.580895,9585830.76545499,7302200.64901421,63701514.5891849,11940113.5093125,5775047.83071092,624229.299446429,1229179.43524856,83270084.6639034,1135.36697477439,4513.10299691855,293.893267159336,759.690627471299,841.473707615055,375.676347303092
"212","E09000025",40600,12600,10600,2068,2629,68497,0.592726688760092,0.183949662028994,0.154751302976773,0.0301911032599968,0.0383812429741449,"Newham",430.82,267.7,446100000,595600000,264415375.855877,82059944.2311342,69034556.2579383,13468251.1642846,17121872.490766,69242454.4753785,22852873.8689286,14248042.0660759,877052.515818211,2882124.79637064,110102547.722572,1607.40686048399,6512.69398659795,424.106632407259,1096.28177876403,1183.30022807673,511.125081719955
"213","E09000028",38300,7600,4800,2347,1605,54652,0.700797775012808,0.139061699480348,0.0878284417770621,0.042944448510576,0.0293676352192052,"Southwark",393.13,244.28,305500000,430200000,214093720.266413,42483349.1912464,26831588.9628925,13119529.019981,8971812.55946717,56064722.5261655,11831187.9162702,5537771.64605138,854343.729781161,1510225.20813511,75798251.0264034,1386.92547439075,5589.91436726927,364.015223596575,940.950285442436,1022.91025079418,445.975188948317
"214","E09000030",27300,8000,6700,1884,2303,46187,0.591075410829887,0.173208911598502,0.145062463463745,0.0407906986814472,0.0498625154264187,"Tower Hamlets",296.59,184.29,371200000,520100000,219407192.500054,64295147.9853638,53847186.4377422,15141507.3505532,18508965.7262866,57456161.4999892,17905555.762444,11113520.8088856,986014.958668024,3115614.20070583,90576867.2306926,1961.09007362878,8036.89349817048,523.362504600862,1352.85028254704,1437.72756902792,608.239791081746
"215","E09000032",51800,10600,6700,3285,2892,75277,0.688125190961383,0.140813263015264,0.0890046096417232,0.0436388272646359,0.0384181091169946,"Wandsworth",431.05,267.84,3.35e+08,457300000,230521938.972063,47172443.1101133,29816544.2299773,14619007.133653,12870066.5541932,60366780.1586142,13137053.6817355,6153836.56362501,951989.744543486,2166418.30306734,82776078.4515855,1099.6197836203,4450.23048208616,289.799008993451,749.107297049564,809.820774626851,350.512486570738
"216","E09000033",27100,7000,4600,31448,2375,72523,0.373674558415951,0.0965211036498766,0.0634281538270618,0.433627952511617,0.0327482315954938,"Westminster",336.2,208.9,302600000,453300000,113073921.376667,29207285.9644527,19193359.3480689,131215818.430015,9909614.88079644,29610667.7909077,8133937.06824042,3961317.43584794,8544774.0961626,1668085.47288446,51918781.8640431,715.89401795352,4172.46942349324,271.71120885788,702.351778056617,444.18280909564,13.5422398969034
"218","E09000002",40700,12800,8100,2283,2079,65962,0.617021921712501,0.194051120342015,0.122797974591431,0.0346108365422516,0.0315181468118007,"Barking and Dagenham",344.09,213.81,311500000,411300000,192202328.613444,60446923.9865377,38251569.0852309,10781275.5829114,9817902.73187593,50332023.7940026,16833863.8610109,7894741.3435008,702076.665959188,1652647.56685668,77415353.2313302,1173.63562704785,4722.41593644826,307.523725781511,794.924274582335,866.111901266338,378.711352465513
"219","E09000003",90900,18200,18000,7667,4218,138985,0.654027413030183,0.130949383026945,0.129510378817858,0.0551642263553621,0.0303485987696514,"Barnet",766.11,476.04,812700000,1052100000,531528078.56963,106422563.585999,105253084.865273,44831966.7590028,24664306.2200957,139191257.935029,29637619.7330647,21723184.1853437,2919457.67534626,4151742.66602871,197623262.194812,1421.9035305595,5847.39360362629,380.782271468144,984.291765298413,1041.12125909136,437.611765261089
"220","E09000004",74800,15600,8600,2675,2201,103876,0.720089337286765,0.150179059648042,0.0827910200623821,0.02575185798452,0.021188725018291,"Bexley",550.65,342.16,484400000,6.21e+08,348811274.981709,72746736.4935115,40103970.1182179,12474200.0077015,10263818.3988602,91343208.5794601,20259238.646078,8277058.39269899,812319.904501521,1727708.55108013,122419534.073819,1178.51605831779,4663.25233932766,303.670992337017,784.965266279025,874.845065980773,393.550792038765
"221","E09000005",55800,14300,12800,5685,3443,92028,0.606337201721215,0.155387490763681,0.139088103620637,0.0617746772721346,0.0374125266223323,"Brent",463.81,288.2,464100000,600800000,281401095.318816,72115334.4634242,64550788.8903377,28669627.7219977,17363153.6054244,73690504.8311383,20083399.494719,13322637.3190768,1866966.15725649,2922739.6464011,111886247.448592,1215.78484209797,5043.03038205763,328.402138479593,848.893304211762,887.382703618374,366.891537886205
"222","E09000006",102400,18900,11900,4771,3591,141562,0.723357963295235,0.133510405334765,0.0840621070626298,0.0337025472937653,0.0253669770136053,"Bromley",915.99,569.17,711200000,891300000,514452183.495571,94952600.2740849,59784970.5429423,23969251.6353259,18040994.0520761,134719593.291985,26443349.6503299,12339020.0703579,1560877.66649242,3036840.52878597,178099681.207951,1258.10373693471,5023.94710444893,327.159435441715,845.681016091889,930.944301492995,412.42272084282
"223","E09000008",95700,18600,13800,4486,3281,135867,0.704365298416834,0.136898584645278,0.101569917640045,0.0330175833719741,0.0241486159258687,"Croydon",774.92,481.51,665500000,843600000,468755106.096403,91106008.0814326,67594780.18945,21973201.7340487,16070903.8986656,122752899.633465,25372112.1905982,13950886.6833006,1430894.89692125,2705215.25326238,166212008.657547,1223.34348044446,4898.17247749637,318.968991734564,824.509373136965,904.374488709896,398.834107307495
"224","E09000009",74400,18000,12100,6866,3852,115218,0.645732437639952,0.156225589751601,0.105018313110799,0.0595913832908053,0.0334322762068427,"Ealing",589.52,366.31,606400000,788200000,391572150.184867,94735197.625371,63683105.0703883,36136214.8275443,20273332.2918294,102540998.968911,26382805.1866896,13143556.0554774,2353190.30956969,3412610.02468364,147833160.545331,1283.07348283542,5263.06653474284,342.730892742453,885.931989793262,940.342590092967,397.141493042159
"225","E09000010",80000,19500,11100,3309,2660,116569,0.686288807487411,0.167282896825056,0.0952225720388783,0.028386620799698,0.0228191028489564,"Enfield",635.49,394.88,802400000,1109800000,550678139.127898,134227796.412425,76406591.8039959,22777424.5296777,18310048.1260026,144206084.293423,37381099.0228963,15769556.4824267,1483265.88537261,3082130.40105002,201922136.085168,1732.21127474001,6883.47673909873,448.252005250109,1158.69563949249,1283.9592694899,573.515635247522
"226","E09000011",53100,11300,7000,2410,1836,75646,0.701953837612035,0.149380006874124,0.0925362874441477,0.0318589218200566,0.0242709462496365,"Greenwich",518.17,321.98,571400000,754800000,401096422.811517,85355735.9278746,52875234.645586,18204187.9279803,13868418.6870423,105035120.241652,23770718.8985538,10912919.6785025,1185456.71787008,2334470.91758983,143238686.454168,1893.53946612072,7553.60494936943,491.890754302937,1271.49832112736,1401.64871181778,622.041144993365
"227","E09000015",60800,14600,13600,4172,2948,96120,0.632542655014565,0.151893466500208,0.141489804411153,0.0434040782355389,0.0306699958385352,"Harrow",472.8,293.78,330100000,406500000,208802330.420308,50140033.2917187,46705784.4361215,14327686.2255514,10124165.6263005,54679066.267166,13963497.8714107,9639606.84977112,933018.927007907,1704200.79987516,80919390.715231,841.857997453506,3434.24885559717,223.638285476488,578.087109862672,618.219711977018,263.770887590834
"228","E09000016",77200,19400,10100,3029,2445,112174,0.688216520762387,0.17294560236775,0.0900386898924884,0.027002692245975,0.0217964947313994,"Havering",683.43,424.66,815800000,1.13e+09,561447037.637955,141089022.411611,73453563.2142921,22028796.3342664,17781580.4018757,147026135.746251,39291881.8514094,15160080.9117977,1434515.21728743,2993173.42904773,205905787.155794,1835.5928036425,7272.63002121704,473.593666981653,1224.20181147146,1361.99913666085,611.390992171035
"229","E09000017",87600,21800,15800,7616,5936,138752,0.631342250922509,0.157114852398524,0.113872232472325,0.0548892988929889,0.0427813653136531,"Hillingdon",727.81,452.24,1170300000,1.465e+09,738859836.254612,183871511.761993,133264673.662362,64236946.4944649,50067031.8265683,193485225.319995,51206377.3105973,27504495.9971748,4183109.95571956,8427783.46736624,284806992.050853,2052.63341826318,8434.47301660517,549.252882841328,1419.77484288515,1503.38053542186,632.858575378036
"230","E09000018",63100,15300,9700,3796,2925,94821,0.665464401345694,0.161356661499035,0.102298014152983,0.0400333259510024,0.0308475970512861,"Hounslow",499.86,310.6,824300000,1029600000,548542306.029255,133006296.073655,84324253.0663039,32999470.5814113,25427674.2493751,143646773.679881,37040923.3935521,17403682.5903545,2148925.5242615,4280240.40639732,204520545.594446,2156.9119245151,8693.22196559834,566.102614399764,1463.33005346917,1590.80931011534,693.581871045932
"231","E09000021",43900,8800,6000,2577,1892,63169,0.694961136000253,0.139308838195951,0.0949832987699663,0.0407953268217005,0.0299514002121294,"Kingston upon Thames",343.03,213.15,478600000,596400000,332608399.689721,66673209.9605819,45459006.7913059,19524643.4168659,14334740.1415251,87100161.6267473,18567822.2419225,9382284.41165762,1271444.77930631,2412966.80802292,118734679.867657,1879.63526203765,7576.50113188431,493.381753708306,1275.35243553009,1386.25350832935,604.282826507569
"232","E09000024",46200,9400,6700,2777,2240,67317,0.686305093809885,0.139637832939673,0.0995290936910439,0.0412525810716461,0.033275398487752,"Merton",375.26,233.18,311200000,404400000,213578145.193636,43455293.6108264,30973453.9566529,12837803.2294963,10355304.0093884,55929708.8818575,12101864.717679,6392611.16211358,835997.746304797,1743108.32390035,77003290.8318553,1143.89070861529,4622.90357561983,301.043480844363,778.173358884086,842.847227770923,365.717349731201
"233","E09000026",63200,18300,13800,3639,3117,102056,0.619267852943482,0.179313318178255,0.135219879281963,0.035656894254135,0.0305420553421651,"Redbridge",536.55,333.4,560100000,7.19e+08,346851924.433644,100433389.511641,75736654.3858274,19971426.471741,17106605.1971467,90830113.4514384,27969694.6450968,15631288.0986909,1300539.29183977,2879554.8528357,138611190.339902,1358.18756702106,5488.16336129184,357.389198087325,923.822538606255,1000.79836893374,434.365028414808
"234","E09000027",50900,10400,6500,3447,2783,74030,0.68755909766311,0.140483587734702,0.0878022423341888,0.0465622045116845,0.037592867756315,"Richmond upon Thames",412.82,256.51,401300000,507800000,275917465.892206,56376063.757936,35235039.84871,18685412.670539,15086017.8306092,72254506.7931919,15700169.9959476,7272159.87437525,1216794.0731055,2539429.38142645,98983060.1180467,1337.06686637913,5420.77536134,353.000891530461,912.479116574362,984.065974848666,424.587749804765
"235","E09000029",60600,10800,8100,2577,1903,83980,0.721600381043106,0.128602048106692,0.0964515360800191,0.0306858775899024,0.022660157180281,"Sutton",468.92,291.37,363600000,461800000,262373898.547273,46759704.6915932,35069778.5186949,11157385.0916885,8239233.15075018,68707852.8125744,13022110.1595618,7238051.58847345,726568.917170755,1386910.11626578,91081493.5940462,1084.56172414916,4329.60228625863,281.943700881162,728.801952845916,802.618023267995,355.759771303241
"236","E09000031",50700,11700,9100,2033,1734,75267,0.673601976962015,0.155446610068157,0.1209029189419,0.0270105092537234,0.0230379847742038,"Waltham Forest",421.49,261.9,378200000,498400000,254756267.687034,58789907.9277771,45725483.9438266,10215374.5997582,8712965.84160389,66713023.8192036,16372401.4588066,9437282.63116638,665225.193936254,1466653.54011718,94654586.6432301,1257.58415564896,5024.77845536557,327.213573013406,845.820957391686,930.370582635552,411.763198257272
"238","E06000036",48600,18900,10000,2513,1997,82010,0.592610657236922,0.230459700036581,0.121936349225704,0.0306426045604195,0.0243506889403731,"Bracknell Forest",477.07,296.44,358100000,438100000,212213876.356542,82527618.5830996,43665406.6577247,10973116.6930862,8719981.70954762,55572447.8014876,22983116.4992074,9012103.28008779,714569.359053774,1467834.52116815,89750071.4610047,1094.3796056701,4366.54066577247,284.349128155103,735.019790269479,810.030477514995,359.359815400619
"239","E06000043",58000,23300,6500,2637,1309,91746,0.632180149543304,0.253962025592396,0.0708477753798531,0.0287423974887189,0.0142676519957273,"Brighton and Hove",620.31,385.44,595600000,759100000,376526497.067992,151259782.442831,42196935.0162405,17118971.9442809,8497813.5286552,98600993.7871951,42124336.8125041,8709025.41800187,1114787.45301158,1430436.95127853,151979580.421991,1656.52541170178,6491.83615634469,422.748370501166,1092.7707801975,1233.77704120061,563.754631504274
"240","E06000060",194200,89300,21900,11439,7195,324034,0.599319824462865,0.275588364184005,0.0675855002870069,0.0353018510403229,0.0222044600257998,"Buckinghamshire",3371.23,2094.79,3.146e+09,4056700000,1885460167.76017,867000993.722881,212623983.902924,111059623.372856,69855231.241166,493745454.131357,241451106.741885,43883464.0377244,7232202.67404038,11758731.0748255,798070958.659832,2462.92351623543,9708.85771246227,632.240814235543,1634.29201873877,1830.68270199989,828.631497496658
"241","E06000046",48200,19300,3600,1479,679,73258,0.657948619945944,0.263452455704496,0.0491413907013568,0.0201889213464741,0.00926861230172814,"Isle of Wight",881.82,547.94,322600000,403600000,212254224.794562,84989762.2102706,15853012.6402577,6512946.02637255,2990054.3285375,55583013.8469519,23668798.8779382,3271903.27882279,424123.04523738,503315.845122717,83451154.894073,1139.1405019803,4403.61462229381,286.763384203773,741.260449370717,852.377117776529,397.880052609585
"242","E06000035",83500,41700,9000,3163,1834,139197,0.599869250055676,0.299575421884092,0.0646565658742645,0.0227231908733665,0.0131755713126001,"Medway",864.26,537.03,693700000,888800000,416129298.763623,207815470.160995,44852259.7469773,15763077.5088544,9139893.81955071,108971779.46723,57874530.2851355,9257057.88917865,1026491.6073766,1538518.32664497,178668377.575566,1283.5648582625,4983.58441633081,324.531017191462,838.886764800966,959.03384107104,444.678093461537
"243","E06000042",165800,60900,25900,61370,19822,333792,0.496716518071134,0.182448950244464,0.0775932317131627,0.183857012750455,0.0593842872207842,"Milton Keynes",1364.03,847.57,1163200000,1502200000,577780653.820343,212224618.92436,90256447.1287508,213862477.23133,69075802.8952162,151303419.815933,59102434.124245,18628028.1229029,13926724.5173042,11627529.9013517,254588136.481737,762.714913723927,3484.80490844598,226.930495638002,586.597210238712,535.784418085925,176.117703485216
"244","E06000044",54800,26400,18500,10164,10031,119895,0.457066599941616,0.220192668585012,0.154301680637224,0.0847741774052296,0.0836648734309187,"Portsmouth",457.03,283.99,592700000,742300000,270903373.785396,130508194.670337,91454606.1136828,50245654.9480796,49588170.4825055,70941466.4931815,36345227.133742,18875316.155803,3271997.05021894,8347176.73732015,137781183.570266,1149.18206405826,4943.49222236123,321.920213520163,832.138045790066,827.261850538101,317.044018268198
"245","E06000038",41000,20000,4600,1674,983,68257,0.600670993451221,0.293010240707913,0.0673923553628199,0.0245249571472523,0.0144014533307939,"Reading",397.62,247.07,294600000,359100000,176957674.67073,86320816.9125511,19853787.8898868,7225052.37558053,4242668.15125189,46339906.266024,24039484.3019764,4097623.28259373,470495.410697804,714168.32990023,75661677.5911921,1108.48231816798,4316.04084562755,281.060579867266,726.519155544486,827.421738300718,381.963162623498
"246","E06000039",60400,22900,12100,31602,15141,142143,0.424924196056084,0.161105365723251,0.0851255425873944,0.222325404698086,0.106519490935185,"Slough",323.72,201.15,390600000,490400000,165975390.979507,62927755.8515017,33250036.9346362,86840303.0750723,41606513.1592833,43463975.6358034,17524750.7270847,6862475.12293957,5655040.53624871,7003624.36010215,80509866.3821785,566.400500778642,2747.9369367468,178.945653320951,462.560224562588,387.454847457691,103.840276216054
"247","E06000045",58300,32100,6600,1765,936,99701,0.58474839770915,0.321962668378452,0.0661979318161302,0.0177029317659803,0.00938807033028756,"Southampton",593.75,368.94,495600000,616600000,289801305.904655,159564698.448361,32807695.0080741,8773572.98321983,4652727.65569051,75890267.977252,44437172.8708839,6771180.17271642,571335.072667275,783193.646282384,128453149.739802,1288.38376485494,4970.86288001123,323.702590746332,836.745348592291,964.681174108605,451.638416262645
"248","E06000037",56000,29400,4600,3056,2026,95082,0.588965314149892,0.309206789928693,0.0483792936623125,0.0321406785721798,0.0213079236869229,"West Berkshire",1389.53,863.41,1373200000,1820400000,808767169.390631,424602763.930081,66434446.0570876,44135579.8153173,29260040.8068825,211791858.648325,118247623.726888,13711405.3217223,2874108.95757346,4925342.66902253,351550339.323531,3697.33850069973,14442.2708819756,940.480679834248,2431.06745756295,2756.85782086548,1266.27104313678
"249","E06000040",92100,23600,45600,76149,14380,251829,0.365724360578011,0.0937143855552776,0.181075253445791,0.302383760408849,0.0571022400120717,"Windsor and Maidenhead",685.77,426.12,895200000,1132200000,327396447.589436,83893117.9490845,162098566.884672,270693942.318002,51117925.2588066,85735307.7302455,23363394.4176405,33455523.2193274,17627589.5237483,8604680.35881491,168786495.249777,670.242486964474,3554.79313343578,231.488128849338,598.378328151245,438.754358115136,71.864158813229
"250","E06000041",61900,27500,7400,4030,2277,103107,0.600347212119449,0.266713220246928,0.0717701029028097,0.039085610094368,0.0220838546364456,"Wokingham",817.49,507.96,783800000,988400000,470552144.859224,209049822.029542,56253406.6552222,30635301.1919656,17309325.2640461,123223490.174285,58218284.9370072,11610140.5995713,1994970.8136208,2913678.72169688,197960565.246181,1919.95272140768,7601.81171016517,495.029978565956,1279.6129651721,1424.92274284172,640.339756235572
"251","E10000011",182400,81600,19300,6823,4155,294278,0.619822073005797,0.277288822134172,0.0655842434704599,0.0231855592331061,0.0141193021564643,"East Sussex",3375.2,2097.25,2059200000,2648700000,1276337612.73354,570993142.538688,135051074.154371,47743703.5728121,29074467.0005913,334234530.646532,159015880.265599,27873191.1947206,3109069.97666152,4894105.03020953,529126777.113722,1798.05074492053,6997.46498209176,455.674919633816,1177.88328043551,1342.37582528671,620.167464485019
"257","E10000014",524700,251900,70100,25854,20813,893367,0.587328611869478,0.281966985572559,0.0784671920946263,0.0289399541285944,0.0232972563347426,"Hampshire",9110.69,5661.12,7460100000,9610900000,4381530177.40749,2103501909.06984,585373099.745122,215894951.794727,173799861.982813,1147391307.5577,585804246.656861,120815154.056396,14059079.2608726,29255730.767567,1897325518.2994,2123.7918104199,8350.54350563654,543.787393087052,1405.6469883038,1580.00441733285,718.144822116103
"269","E10000016",502500,249200,51200,21286,13574,837760,0.599813789152024,0.297459893048128,0.0611153552330023,0.0254082314744079,0.016202731092437,"Kent",9412.36,5848.57,7079600000,9536800000,4246441701.68067,2105897058.82353,432672268.907563,179880115.546218,114708855.042017,1112015688.41912,586471271.911765,89299229.5798319,11713793.1243697,19308941.5692227,1818808924.60431,2171.03815484662,8450.63025210084,550.305042016807,1422.49459033613,1620.73311282982,748.543564510489
"282","E10000025",218500,121900,26900,13735,7801,388836,0.561933565822095,0.313499778827063,0.069180837165283,0.0353233754076269,0.0200624427779321,"Oxfordshire",4758,2956.48,3666200000,4790200000,2060160839.01696,1149352889.13578,253630785.215361,129502558.919442,73552927.7124546,539494318.913372,320083286.095423,52346857.7605983,8433206.63683404,12381164.3218375,932738833.728065,2398.79752319246,9428.65372547809,613.993930603134,1587.12528160973,1784.80359258933,811.672241582737
"288","E10000030",449100,148200,47100,24728,16128,685256,0.655375509298715,0.216269540142662,0.0687334368469594,0.0360857839989726,0.0235357297126913,"Surrey",5496.58,3415.42,6552100000,8475100000,4294085874.47611,1417019653.96874,450348351.564963,236437665.339669,154208454.650525,1124492267.94906,394625803.433753,92947396.2794926,15396820.7669192,25957909.1713228,1653420197.60055,2412.85037650243,9561.53612664464,622.647232567099,1609.49337619809,1790.20314393533,803.357000304333
"300","E10000032",304000,135800,28600,12706,6988,488094,0.622830848156298,0.278225095985609,0.0585952705831254,0.0260318709101116,0.0143169143648559,"West Sussex",4167.44,2589.53,3410900000,4341300000,2124413739.97632,948997979.897315,199862608.431982,88792108.4872996,48833563.2070872,556320226.087598,264286447.421603,41249643.7542768,5782142.10469295,8220153.69464898,875858613.06282,1794.4465882859,6988.20309202736,455.071785352821,1176.32422648096,1339.37480293308,618.122361804939
"309","E06000022",58800,24000,4900,2772,1596,92068,0.638658382934353,0.260676890993613,0.0532215319111961,0.0301081809097624,0.0173350132510753,"Bath and North East Somerset",1094.19,679.9,593800000,750600000,379235347.786419,154789937.872008,31602945.6488682,17878237.8242169,10293530.8684885,99310360.5248295,43107449.7979754,6522531.95246991,1164230.847113,1732710.05109267,151837283.17348,1649.18628810749,6449.58074466699,419.996698092714,1085.65792674979,1229.18959001478,563.528361357697
"310","E06000058",124600,57900,10200,4553,2499,199752,0.623773479114102,0.289859425687853,0.0510633185149586,0.0227932636469222,0.0125105130361648,"Bournemouth, Christchurch and Poole",1270.11,789.21,1045400000,1284600000,652092795.065882,303019043.614081,53381593.1755377,23828077.8164924,13078490.3280067,170763540.243902,84387773.4560855,11017427.0154992,1551684.42740999,2201502.27691337,269921927.419811,1351.28523078523,5233.4895270135,340.804837999119,880.953292082182,1010.48039278611,470.331938703045
"311","E06000023",127600,39400,11100,4044,2319,184463,0.691737638442398,0.213592969863875,0.0601746691748481,0.0219230956885663,0.0125716268303129,"Bristol, City of",1149.73,714.41,1152800000,1442900000,797435149.596396,246229975.659075,69369358.6247649,25272944.7097792,14492571.4099847,208824342.624808,68572585.9212959,14317141.9265652,1645774.15950082,2439534.54544272,295799379.177613,1603.57025082327,6249.49176799683,406.966903931954,1051.97694930691,1196.60334689132,551.593301516363
"312","E06000052",163700,129400,13100,6412,2780,315392,0.519036627435065,0.410283076298701,0.0415356128246753,0.0203302556818182,0.00881442775974026,"Cornwall excluding Isles of Scilly",7478.57,4646.97,2654900000,3547900000,1377990342.17735,1089260539.26542,110272898.488231,53974795.8096591,23401424.2593344,360854330.905984,303348167.580027,22759223.5189859,3514838.703125,3939161.74557376,694415722.453696,2201.75439596976,8417.77851055195,548.165736607143,1416.96465668121,1653.58865936262,784.789739288554
"313","E06000059",132000,77800,11300,5119,2781,229000,0.576419213973799,0.339737991266376,0.0493449781659389,0.022353711790393,0.0121441048034934,"Dorset",3874.73,2407.65,1891100000,2478900000,1090066375.54585,642478515.283843,93316288.209607,42273104.3668122,22965716.5938865,285455681.764192,178923841.721397,19259548.7235808,2752824.55636681,3865819.07424891,490257715.839786,2140.86338794666,8258.07860262009,537.76607860262,1390.08237117904,1603.09730934404,750.781016767624
"314","E06000053",400,200,NA,20,1,621,0.644122383252818,0.322061191626409,NA,0.0322061191626409,0.00161030595813205,"Isles of Scilly",34.2,21.25,8e+05,1400000,515297.906602254,257648.953301127,NA,25764.8953301127,1288.24476650564,134941.062801932,71752.6570048309,NA,1677.80998389694,216.850241545894,208588.380032206,335.891111162973,1288.24476650564,83.890499194847,216.850241545894,252.000611968126,119.040869617079
"315","E06000024",78100,35800,7000,3648,2040,126588,0.616962113312478,0.282807217113786,0.055297500552975,0.0288178974310361,0.0161152715897241,"North Somerset",1149.87,714.5,1247900000,1.614e+09,769907021.202642,352915126.236294,69005750.9400575,35961854.20419,20110247.4168168,201615551.642336,98283333.5055456,14242096.9365185,2341835.94577685,3385157.94767277,319867975.977849,2526.84279693059,9857.96442000821,641.950643030935,1659.39115081998,1884.89215389965,867.451646110606
"316","E06000026",65200,44800,6500,1768,843,119111,0.547388570325159,0.376119753843054,0.0545709464281217,0.0148432974284491,0.00707743197521639,"Plymouth",856.28,532.07,805400000,990500000,440866754.539883,302926849.745196,43951440.2532092,11954791.7488729,5700163.71283928,115449777.011359,84362098.3855395,9071137.75385984,778496.038686603,959508.557782237,210621017.747227,1768.27511940314,6761.76003895526,440.325813736767,1138.20706735734,1327.94930566637,630.068052045801
"317","E06000066",185200,123800,15500,6895,3738,335133,0.552616423927217,0.369405579277481,0.0462502946591353,0.0205739213983702,0.0111537807377966,"Somerset",6810.55,4231.88,3508500000,4.582e+09,1938854723.34864,1296059474.89504,162269158.811576,72183603.2261818,39133039.7185595,507727886.403309,360939603.16352,33490731.6871212,4700596.24208896,6587264.57582512,913446082.071864,2725.62260974558,10468.9779878436,681.739846568377,1762.24306469372,2043.8827631772,963.379545051857
"318","E06000025",128400,45500,19600,40452,12463,246415,0.521072174989347,0.184647850171459,0.0795406123815515,0.1641620842887,0.0505772781689426,"South Gloucestershire",1580.68,982.19,1986300000,2.645e+09,1035005661.18134,366766024.795568,157991518.373476,326075148.022645,100461647.626971,271036932.493558,102140670.245318,32607869.4771016,21234013.6392346,16910709.145048,443930195.00026,1801.55507984603,8060.79175374876,524.918759004119,1356.87307590853,1276.63632084191,444.682003937502
"319","E06000030",112300,50100,31400,52087,21731,267618,0.41962797719137,0.187207138533283,0.117331420158584,0.194631900694273,0.0812015634224903,"Swindon",863.08,536.29,9.71e+08,1.248e+09,407458765.85282,181778131.515817,113928808.973985,188987575.574139,78846718.0832381,106701227.013878,50623391.84584,23513766.8841408,12306870.9213879,13272268.0549515,206417524.720198,771.314054810208,3628.30601827979,236.27528791038,610.752752057037,535.038766899828,160.561302753171
"320","E06000027",40200,22600,3500,1175,641,68116,0.590169710493863,0.331786951670679,0.0513829349932468,0.0172499853191614,0.00941041752304892,"Torbay",526.3,327.03,351500000,428300000,207444653.238593,116623113.512244,18061101.6501263,6063369.83968524,3307761.75935169,54323531.3435903,32478370.8820248,3727630.76956956,394846.643960303,556795.536951671,91481175.1760967,1343.02036490834,5160.31475717893,336.039696987492,868.635783075929,1006.98066792085,474.384581832413
"321","E06000054",187100,106500,23200,26785,13116,356701,0.524528947213493,0.298569390049369,0.0650404680670926,0.0750909024645291,0.0367702922055167,"Wiltshire",4684.83,2911.02,2865800000,3741600000,1503195056.92443,855640158.003482,186392973.386674,215195508.282848,105376303.40257,393641689.5568,238287227.60239,38469645.7772757,14013531.499379,17737993.1517546,702150087.587599,1968.45561853653,8034.17988735664,523.185794264664,1352.39350043874,1445.26982427187,616.062118097786
"322","E10000008",249100,168600,26400,10815,7429,462344,0.538776322391985,0.364663540567197,0.0571003408717319,0.0233916737321129,0.0160681224369733,"Devon",13043.67,8104.96,4524800000,5966500000,2437855103.55925,1650029588.35845,258367622.376412,105842645.303064,72705040.402817,638401115.969062,459516740.061945,53324493.5822678,6892473.06213555,12238439.4510062,1170373262.12642,2531.39061418861,9786.65236274289,637.306801861817,1647.38719222051,1894.08381232679,884.003421968094
"331","E10000013",210400,124800,17600,10051,5383,368234,0.571375809946936,0.338914929094,0.047795695128641,0.0272951438487484,0.0146184219816747,"Gloucestershire",5642.81,3506.28,3374100000,4407600000,1927879120.34196,1143532862.25607,161267454.933548,92096544.8600618,49324017.6083686,504853705.243948,318462466.809692,33283990.0237349,5997327.00128722,8302711.88401669,870900200.962679,2365.07275526616,9162.92357576976,596.689583254126,1542.39492550932,1768.38317201203,822.677829756836
"339","W06000014",41200,23700,4300,1808,945,71953,0.572596000166776,0.329381679707587,0.0597612330271149,0.0251275137937265,0.0131335733047962,"The Vale of Glamorgan",949.58,590.04,551900000,682200000,316015732.492043,181785749.030617,32982224.5076647,13867874.8627576,7248419.10691702,82755039.8676914,50625513.2475366,6807201.31613692,903076.011062777,1220126.38826734,142310956.830695,1977.83215196997,7670.28476922435,499.48894417189,1291.13903520354,1478.34320779808,686.693116766431
"340","W06000001",18400,18300,1600,647,352,39299,0.468205297844729,0.465660703834703,0.0407135041604112,0.0164635232448663,0.00895697091529046,"Isle of Anglesey",1218.04,756.85,318300000,421700000,149029746.303977,148219802.030586,12959108.3742589,5240339.44884094,2851003.84233696,39026419.6646225,41277732.6674979,2674630.37736329,341250.904908522,479909.47678058,83799943.0911728,2132.36833230293,8099.4427339118,527.435710832337,1363.37919539937,1604.93262147059,768.989136903554
"341","W06000002",28300,29400,2600,914,469,61683,0.458797399607671,0.476630514080054,0.0421509978438143,0.0148176969343255,0.0076033915341342,"Gwynedd",2512.18,1561,655900000,871600000,300925214.402672,312621954.185108,27646839.4857578,9718927.4192241,4987064.50723862,78803285.8956276,87062088.0210107,5706031.20146556,632896.553539873,839472.568503478,173043774.240147,2805.37221341613,10633.3998022145,692.446995120211,1789.92018870677,2112.92521829592,1015.45202470936
"342","W06000003",32000,24600,3400,1176,550,61726,0.51842011470045,0.398535463175971,0.0550821371869229,0.0190519392152416,0.00891034572141399,"Conwy",1650.93,1025.84,626900000,812300000,324997569.905712,249841881.865016,34530991.8024819,11943660.6940349,5585895.73275443,85107113.6312089,69578465.6805884,7126851.39811425,777771.184395554,940273.828694553,163530475.723002,2649.2964994168,10156.1740595535,661.370054758125,1709.58877944464,1987.92644465868,939.707719972162
"343","W06000004",26400,21900,2400,1147,464,52311,0.504673969146069,0.418649997132534,0.0458794517405517,0.0219265546443387,0.00887002733650666,"Denbighshire",1443.15,896.73,432400000,565900000,218221024.25876,181024258.760108,19838274.9326146,9481042.22821204,3835399.82030548,57145539.6226415,50413445.8221024,4094421.56334232,617405.469901168,645612.851752022,112916425.329739,2158.55986942975,8265.9478885894,538.278526504942,1391.40700808625,1620.2813429248,767.152861343493
"344","W06000005",47400,35000,4400,1718,775,89293,0.530836683726608,0.391968015409943,0.0492759790801071,0.0192400300135509,0.00867929176979159,"Flintshire",1295.77,805.15,852700000,1098200000,452644440.213679,334231126.740058,42017627.3616073,16405973.5925548,7400832.09210128,118533999.558756,93080026.4858388,8672018.11116213,1068357.00034717,1245782.06606341,222600183.222167,2492.91862992807,9549.46076400166,621.860884951788,1607.4607304044,1871.05774497629,885.457899523675
"345","W06000006",37600,29400,3000,1222,652,71874,0.523137713220358,0.409049169379748,0.0417397111611988,0.0170019756796616,0.00907143055903386,"Wrexham",1216.63,755.98,522200000,676500000,273182513.843671,213605476.250104,21796477.168378,8878431.6999193,4737101.03792748,71538304.9002421,59486989.0808916,4498574.92278153,578163.472298745,797396.217714333,136899428.593928,1904.71420254791,7265.49238945933,473.128864401592,1223.00033391769,1431.58533814632,681.713868630218
"346","W06000023",36900,35000,3500,1304,763,77467,0.47633185743607,0.45180528483096,0.045180528483096,0.0168329740405592,0.00984935520931493,"Powys",5354.58,3327.18,714800000,1013400000,340482011.695302,322950417.59717,32295041.759717,12032209.8441917,7040319.10361831,89162024.4026489,89938461.796636,6665373.668788,783537.505053765,1185096.91471207,187734494.287839,2423.41247612324,9227.15478849058,600.872319826507,1553.20696554662,1822.54015629673,870.205510576616
"347","W06000008",18200,18000,1400,674,349,38623,0.471221810838102,0.46604354918054,0.0362478316029309,0.0174507417859824,0.00903606659244492,"Ceredigion",2261.22,1405.06,336100000,469600000,158377650.622686,156637236.87958,12182896.2017451,5865194.3142687,3037021.98172074,41474355.3685628,43621904.0985941,2514427.94707817,381941.453745178,511221.910183052,88503850.7781633,2291.48048515556,8702.0687155322,566.678714755457,1464.81922688553,1724.80177040011,826.661258270027
"348","W06000009",36200,29200,3500,1247,543,70690,0.512095062950912,0.41307115575046,0.0495119536002263,0.0176404017541378,0.00768142594426369,"Pembrokeshire",2604.38,1618.29,519900000,711300000,266238223.228179,214755693.874664,25741264.6767577,9171244.87197623,3993573.34842269,69719803.5167633,59807313.1871552,5312739.61663602,597231.466063092,672238.201739992,136109325.988358,1925.43960939818,7354.64705050219,478.934615928703,1238.00773801103,1446.50499346948,687.43187138715
"349","W06000010",53700,43400,5800,1935,870,105705,0.508017596140201,0.410576604701764,0.0548696844993141,0.0183056619838229,0.00823045267489712,"Carmarthenshire",3575.66,2221.81,947500000,1286500000,481346672.342841,389021332.954922,51989026.0631001,17344614.7296722,7798353.90946502,126050253.08642,108338551.014616,10730015.0891632,1129481.31119625,1312696.91358025,247560997.414976,2341.99893491297,8963.62518329313,583.711271936048,1508.84702710373,1758.28766297692,833.151907809239
"350","W06000011",75700,43900,8800,3328,2177,133905,0.565326164071543,0.327844367275307,0.065718233075688,0.0248534408722602,0.0162577947052014,"Swansea",1175.12,730.19,9.13e+08,1131800000,516142787.797319,299321907.322355,60000746.7981031,22691191.5163735,14843366.5658489,135162311.840484,83358157.9702028,12383554.1316605,1477650.39154625,2498583.89402935,234880258.227923,1754.08131307959,6818.26668160263,444.005526305963,1147.71883051417,1310.07578677363,606.362482565422
"351","W06000012",40800,24800,4400,1266,567,71833,0.567984074172038,0.345245221555552,0.0612531844695335,0.0176242117132794,0.0078933080895967,"Neath Port Talbot",879.23,546.33,683900000,877300000,388444308.326257,236113207.021842,41891052.858714,12053198.3907118,5398233.40247519,101721911.021397,65755167.0235129,8645894.39950997,784904.279203152,908684.628638648,177816561.352261,2475.41605323823,9520.6938315259,619.987582308967,1602.61839266076,1855.42847092926,872.797660577471
"352","W06000013",43800,25500,5600,2478,1443,78821,0.555689473617437,0.32351784422933,0.0710470559876175,0.0314383222745208,0.018307303891095,"Bridgend",816.48,507.34,687900000,863300000,382258788.901435,222547925.045356,48873269.8138821,21626421.8926428,12593594.3466843,100102109.049619,61977371.6458812,10086954.1568871,1408312.5936489,2119879.73637736,175694627.182413,2229.03321681295,8727.3696096218,568.326308978572,1469.07812638764,1660.70690783438,759.955090425309
"353","W06000015",90800,48100,10100,3446,1827,154273,0.588567020800788,0.311784952648876,0.0654683580406163,0.0223370259215806,0.0118426425881392,"Cardiff",1113.87,692.13,1605200000,1980200000,944767781.789425,500477205.991975,105089808.326797,35855394.0093211,19009809.8824811,247406339.017197,139377897.096705,21689485.5405677,2334903.25788699,3199921.29751804,414008546.209875,2683.60987476665,10404.9315175047,677.569140419905,1751.46212234156,2006.04073434674,932.147752425082
"354","W06000016",67600,43300,5900,1866,871,119537,0.565515279787848,0.362230941047542,0.0493571028217205,0.0156102294687001,0.00728644687418958,"Rhondda, Cynon, Taff",1215.47,755.26,1102500000,1.387e+09,623480595.966102,399359612.504915,54416205.8609468,17210277.9892418,8033307.67879401,163270863.665643,111217658.486494,11230960.7276408,1120733.30265943,1352246.6815714,288192462.864009,2410.90593593623,9223.08573914353,600.607343333027,1552.52202247003,1810.2985926032,858.383913466195
"355","W06000024",14800,11600,1100,352,196,28048,0.527666856816885,0.413576725613234,0.039218482601255,0.0125499144324016,0.00698802053622362,"Merthyr Tydfil",347.34,215.83,225200000,2.81e+08,118830576.155163,93137478.6081004,8832002.28180262,2826240.73017684,1573702.22475756,31118162.9777524,25937856.4175699,1822836.95094124,184044.796349116,264901.29549344,59327802.4381061,2115.22398880869,8029.09298345693,522.854535082715,1351.53722190531,1592.36945372597,763.686766903384
"356","W06000018",50000,35100,4100,1480,668,91348,0.54735735867233,0.384244865787976,0.0448833034111311,0.016201777816701,0.00731269431186233,"Caerphilly",1019.38,633.41,588100000,738300000,321900862.635197,225974405.569908,26395870.7360862,9528265.53400184,4300595.52480623,84296178.8982791,62931612.2071638,5447843.76122082,620480.6515742,723919.244690634,154020034.762929,1686.07998820914,6438.01725270394,419.243683496081,1083.71144414766,1266.83630471306,602.368544061486
"357","W06000019",17900,15500,1200,388,167,35155,0.509173659507894,0.440904565495662,0.0341345470061158,0.0110368368653108,0.00475039112501778,"Blaenau Gwent",421.44,261.87,207900000,260800000,105857203.811691,91664059.1665481,7096572.32257147,2294558.38429811,987606.314891196,27720825.9621675,25527523.837292,1464661.56165553,149421.641985493,166243.770985635,55028676.7740862,1565.3157950245,5913.81026880956,385.107324704878,995.471682548713,1180.20847031962,569.844112475784
"358","W06000020",27700,17600,2600,931,346,49177,0.56327144803465,0.357890883949814,0.0528702442198589,0.0189316143725725,0.0070358094231043,"Torfaen",486.59,302.35,352800000,434300000,198722166.866625,126263903.857494,18652622.1607662,6679073.55064359,2482233.5644712,52039373.837363,35163234.5852736,3849714.68776054,434941.269617911,417834.375907436,91905098.7559225,1868.86346779841,7174.08544644854,467.176444272729,1207.61380320068,1401.68702352568,661.249664597728
"359","W06000021",30400,20900,2900,1483,738,56421,0.538806472767232,0.370429450027472,0.0513993016784531,0.0262845394445331,0.0130802360823098,"Monmouthshire",1633.91,1015.26,700200000,947300000,377272292.231616,259374700.909236,35989791.0352528,18404434.519062,9158781.30483331,98796295.1666933,72233260.4562131,7427932.97176583,1198496.77588132,1541697.65704259,181197683.027596,3211.52909426625,12410.2727707768,808.156962832988,2089.02121550487,2403.37213143326,1122.50787876138
"360","W06000022",44000,28000,4800,1780,853,79433,0.553925950171843,0.352498331927536,0.060428285473292,0.0224088225296791,0.0107386098976496,"Newport",769.14,477.92,948900000,1242100000,525620334.118062,334485667.166039,57340400.0856067,21263731.6984125,10189866.9318797,137644196.895497,93150913.4490703,11834485.1736684,1384694.20820062,1715260.30064331,245729550.027079,3093.54487463749,11945.9166845014,777.918094494731,2010.85615550212,2315.62678014275,1082.68871913536
"362","S12000033",61000,23400,6900,2317,1450,95067,0.641652729127878,0.246142194452334,0.072580390671842,0.0243722848096606,0.0152524009382856,"Aberdeen City",1071.97,666.09,7.69e+08,9.67e+08,493430948.699338,189283347.533845,55814320.4266465,18742287.018629,11729096.3215417,129214762.535896,52713519.4547004,11519517.5928556,1220497.73065312,1974358.78380511,196642656.09791,2068.46388439637,8089.03194589079,526.757760316408,1361.6267474518,1541.70612407996,706.837136944575
"363","S12000034",77000,53300,9000,3794,2103,145197,0.530313987203592,0.36708747425911,0.0619847517510692,0.0261300164603952,0.0144837703258332,"Aberdeenshire",6278.03,3900.99,1439100000,1996300000,763174858.98469,528275584.206285,89202256.2449637,37603706.6881547,20843593.8759065,199852600.322321,147119467.445608,18410453.6663981,2448753.37953263,3508602.15713135,371339876.970991,2557.49000992439,9911.36180499597,645.427880741338,1668.37953263497,1912.06212918305,889.110477289415
"364","S12000041",33500,20300,4400,1361,661,60222,0.55627511540633,0.33708611470891,0.0730630002324732,0.02259971439009,0.0109760552621965,"Angus",1938.86,1204.75,505300000,707800000,281085815.814819,170329613.762412,36918734.0174687,11419635.6813125,5546200.72398791,73607942.5874265,47435094.1366942,7619657.51386536,743646.675567069,933591.967868885,130339932.881422,2164.32421509452,8390.62136760652,546.397263458537,1412.39329480921,1617.92695163598,751.930920285312
"365","S12000035",23100,15700,2900,843,499,43042,0.536685098276102,0.36476000185865,0.0673760512987315,0.0195855211189071,0.0115933274476093,"Argyll & Bute",2701.03,1678.34,430200000,603200000,230881929.278379,156919752.799591,28985177.2687143,8425691.18535384,4987449.46796153,60461050.8201292,43700581.9571581,5982250.73648994,548681.009990242,839537.368941964,111532101.892709,2591.2388339926,9994.88871334975,650.867153013336,1682.43961711816,1940.37168097926,908.799216874435
"366","S12000036",115600,40600,14700,6060,3243,180203,0.641498754182783,0.225301465569386,0.0815746685682258,0.0336287409199625,0.0179963707596433,"City of Edinburgh",1597.24,992.48,1476700000,1915200000,947301210.301715,332702674.206312,120461313.074699,49659561.7165086,26575240.7007652,248069767.94171,92654367.7397158,24862010.4054871,3233830.65897904,4473410.26715981,373293387.013052,2071.51594042858,8194.64714793871,533.635422273769,1379.40495441252,1537.88051815481,692.11098601606
"367","S12000005",16000,8200,1600,607,247,26654,0.600285135439334,0.307646131912658,0.0600285135439334,0.0227733173257297,0.00926690177834471,"Clackmannanshire",315.65,196.14,167600000,215400000,100607788.699632,51561491.7085616,10060778.8699632,3816807.9837923,1553132.73805057,26346161.6267727,14359359.8259173,2076444.15097171,248550.535904555,261438.833796053,43291954.9733623,1624.21981591365,6287.98679372702,409.473700007504,1058.45681698807,1214.74611590614,565.762998925578
"368","S12000006",39000,32300,4600,1264,784,77948,0.500333555703803,0.414378816646995,0.059013701441987,0.0162159388310155,0.0100579873761995,"Dumfries & Galloway",4659.91,2895.53,907200000,1.417e+09,453902601.73449,375924462.462154,53537229.9481706,14711099.7074973,9124606.1476882,118863474.316211,104691203.551085,11049548.8890029,957986.812952225,1535944.95284036,237098158.522092,3041.74781292774,11638.5282496023,757.900959614102,1959.11346025556,2283.84685331364,1082.63435267219
"369","S12000042",37200,15500,3700,1679,567,58646,0.634314360740715,0.264297650308631,0.0630904068478669,0.0286294035398834,0.00966817856290284,"Dundee City",621.4,386.12,4.35e+08,539600000,275926746.922211,114969477.884255,27444326.9788221,12453790.5398493,4205657.67486274,72256937.2165194,32017849.8959861,5664234.64515909,810990.839954984,707938.356409644,111457950.954029,1900.52093841062,7417.38566995191,483.020154827269,1248.56852982301,1417.50078358335,651.952408587615
"370","S12000008",33700,20100,3600,1408,550,59358,0.567741500724418,0.338623268978065,0.0606489436975639,0.0237204757572694,0.00926581084268338,"East Ayrshire",1342.38,834.12,5.24e+08,725400000,297496546.379595,177438592.944506,31780046.4975235,12429529.2968092,4855284.88156609,77905420.6004246,49414873.7491155,6559083.79662388,809410.947808214,817290.10411402,135506079.198086,2282.86126887844,8827.79069375653,574.865729977425,1485.98200748004,1707.99553890101,796.8792613984
"371","S12000045",34300,13800,4100,1904,919,55023,0.6233756792614,0.250804209148901,0.0745142940224997,0.0346037111753267,0.0167021063918725,"East Dunbartonshire",558.66,347.14,2.84e+08,356500000,177038692.910238,71228395.398288,21162059.5023899,9827453.97379278,4743398.21529179,46361122.5124039,19836395.8344692,4367637.46069825,639963.802773386,798456.221580066,72003575.8319248,1308.60868785644,5161.47792741217,336.115442633081,868.831579521291,972.493245223358,439.777108335148
"372","S12000010",33200,16100,3900,1861,757,55818,0.594790211043033,0.288437421620266,0.0698699344297538,0.0333404994804543,0.0135619334264932,"East Lothian",1138.61,707.5,490700000,653200000,291863556.558816,141536242.789064,34285176.8246802,16360183.0950589,6654840.73238024,76430309.5560572,39416428.2543266,7076117.64484575,1065375.12315024,1120209.34048157,125108439.918861,2241.3637163435,8791.07098068723,572.474542262353,1479.80097817908,1668.88917408114,761.562738164415
"373","S12000011",29500,12700,4100,1836,859,48995,0.602102255332177,0.259210123481988,0.0836820083682008,0.0374732115521992,0.0175324012654352,"East Renfrewshire",535.92,333.01,387600000,502500000,233374834.166752,100469843.861619,32435146.4435146,14524616.7976324,6795558.7304827,61113867.8232473,27979846.8170221,6694289.87447699,945843.045861823,1143896.40110215,97877743.9617104,1997.70882664987,7911.0113276865,515.165057658945,1331.66053678947,1482.54376899093,666.048289860402
"374","S12000014",49500,24400,6300,2174,1010,83384,0.593639067446992,0.292622085771851,0.0755540631296172,0.0260721481339346,0.0121126355176053,"Falkirk",979.08,608.37,757200000,1.01e+09,449503501.870863,221573443.346445,57209536.6017461,19741830.5670153,9171687.61393073,117711482.034923,61705988.2375516,11807476.2592344,1285588.00652403,1543870.17605296,194054404.714286,2327.2378959307,9080.87882567399,591.34682912789,1528.5843327257,1735.89106680281,798.653563205
"375","S12000047",108500,60100,11300,4653,2040,186593,0.581479476722064,0.322091396783373,0.0605596137046942,0.0249366267759241,0.0109328860139448,"Fife",2819.76,1752.12,1456200000,1918100000,846750414.002669,469029491.995948,88186909.4767757,36312715.9111006,15920468.6135064,221738530.914879,130620023.225952,18200896.2469117,2364684.06013087,2679892.48171153,375604026.929585,2012.95882980382,7804.15128113059,508.206331427224,1313.67278515271,1504.7524983766,699.286044651111
"376","S12000049",134800,59500,14400,5869,2468,217037,0.621092256159088,0.274146804461912,0.0663481341891014,0.0270414721913775,0.011371332998521,"Glasgow City",1935.54,1202.69,1757200000,2263600000,1091383312.52275,481730764.800472,116586941.397089,47517274.9346886,19981706.3450011,285800548.050332,134157200.689283,24062378.8349452,3094324.94374692,3363520.62905403,450477973.147362,2075.58145913997,8096.31537479785,527.232057206836,1362.85276703972,1548.34940193314,712.72869210025
"377","S12000017",61100,50000,7300,2293,1437,122130,0.500286579873905,0.409399819864079,0.0597723737001556,0.0187750757389667,0.0117661508228936,"Highland",8022.41,4984.89,1383500000,1967700000,692146483.255547,566404650.781954,82695079.0141652,25975317.2848604,16278469.6634733,181252399.57013,157738031.196266,17067437.3577336,1691512.66159011,2740154.79845247,360489535.584173,2951.68701862092,11328.0930156391,737.685417178417,1906.85789732253,2214.0016014425,1044.82912129839
"378","S12000018",21600,10400,2100,685,357,35142,0.614649137783848,0.295942177451483,0.0597575550623186,0.0194923453417563,0.0101587843605942,"Inverclyde",423.99,263.46,266100000,328700000,163558135.564282,78750213.4198395,15901485.402083,5186913.09544135,2703252.51835411,42830968.9602185,21931146.9352911,3281907.57213591,337771.780775141,455038.496414547,68836833.7448352,1958.81946801079,7572.1359057538,493.097490182687,1274.61763701554,1465.7219778281,684.201830995254
"379","S12000019",28800,13000,3600,1458,623,47481,0.60655841283882,0.273793728017523,0.0758198016048525,0.0307070196499653,0.0131210378888397,"Midlothian",721.72,448.46,334800000,439400000,203075756.618437,91666140.1402666,25384469.5773046,10280710.1788084,4392923.48518355,53179448.3856701,25528103.3676629,5239100.6760599,669479.846844001,739460.810260947,85355593.0864978,1797.67892602299,7051.24154925128,459.176849687243,1186.93548998547,1338.50207633575,610.743436037525
"380","S12000020",26300,18500,3000,938,639,49377,0.532636652692549,0.37466836786358,0.0607570326265265,0.018996698867894,0.0129412479494501,"Moray",1782.81,1107.79,364700000,5.17e+08,194252587.236973,136641553.759848,22158089.7988942,6928096.07712093,4719673.12716447,50868925.019746,38053306.30658,4573208.15359378,451157.616542115,794462.577495595,94741059.6739575,1918.72855122744,7386.02993296474,480.978269234664,1243.29041861595,1437.75028199278,675.438132611489
"381","S12000013",7500,5000,600,157,112,13369,0.560999326800808,0.373999551200539,0.0448799461440646,0.0117435859076969,0.00837758994689206,"Comhairle nan Eilean Siar",1274.76,792.1,98700000,140700000,55370633.5552397,36913755.7034932,4429650.68441918,1159091.92908969,826868.127758247,14499907.8091106,10280111.8258658,914235.604757274,75480.0664223203,139186.711945546,25908922.0181016,1937.98504137195,7382.75114069863,480.764754282295,1242.7384995138,1457.22028708965,695.246541858148
"382","S12000021",37200,20700,4300,1442,623,64265,0.578853186026609,0.322103788998677,0.0669104489224306,0.0224383412432895,0.00969423480899401,"North Ayrshire",1166.57,724.87,390900000,505300000,226273710.417801,125910371.119583,26155294.4837781,8771147.59200187,3789476.38683576,59254296.5471096,35064779.2530927,5398191.22850696,571177.131191162,637882.560196063,100926326.720096,1570.4711230078,6082.62662413444,396.100645763635,1023.88853964055,1174.37047724417,546.582583367252
"383","S12000050",93000,49100,10800,4004,1642,158546,0.586580550754986,0.309689301527632,0.068119031700579,0.0252545002712147,0.010356615745588,"North Lanarkshire",1783.86,1108.44,1592900000,2146900000,934364159.297617,493304088.403366,108506805.595852,40227893.4820178,16497053.2211472,244681942.395267,137380255.579453,22394719.606928,2619640.423549,2776948.9687157,409853506.973913,2585.07629945828,10046.9264440604,654.255850037213,1691.19912832869,1930.82044942107,893.877171129596
"384","S12000023",5500,4600,400,425,157,11082,0.496300306803826,0.415087529326836,0.036094567767551,0.0383504782530229,0.0141671178487638,"Orkney Islands",1044.97,649.31,65700000,95800000,32606930.1570114,27271250.6767731,2371413.1023281,2519626.42122361,930779.642663779,8538776.80021657,7594770.60097455,489435.950189496,164078.072550081,156678.137249594,16943739.5611803,1528.94238956689,5928.53275582025,386.066053059015,997.949918787222,1142.87633650788,530.992470779669
"385","S12000048",43300,28800,5300,2362,1189,80951,0.5348914775605,0.355770774913219,0.0654717051055577,0.0291781448036466,0.014687897617077,"Perth & Kinross",2922.8,1816.14,1133400000,1612900000,606246000.66707,403230596.286643,74205630.5666391,33070509.3204531,16647263.1591951,158757640.194686,112295688.759867,15315300.0926486,2153551.56694791,2802233.80758731,291324414.421737,3598.77474548476,14001.062371064,911.749181603686,2356.7988289212,2687.02556388107,1241.97591656356
"386","S12000038",66400,27300,13000,11463,7149,125312,0.529877425944842,0.217856230847804,0.103741062308478,0.0914756767109295,0.0570496041879469,"Renfrewshire",995.34,618.48,807100000,1027700000,427664070.480082,175831763.917263,83729411.3891726,73830018.6733912,46044735.5400919,111992390.136619,48967387.9333184,17280913.2166113,4807810.81601124,7750710.33346368,190799212.436024,1522.59330659493,6440.72395301328,419.419943820225,1084.16706301073,1103.1733627747,438.426243584203
"387","S12000026",32100,23100,4200,1399,790,61589,0.521196966990859,0.375066976245758,0.0681939956810469,0.022715095228044,0.0128269658542922,"Scottish Borders",3262.44,2027.19,5.61e+08,791900000,292391498.481872,210412573.67387,38256831.5770673,12743168.4229327,7195927.8442579,76568561.7074478,58597797.6424362,7895827.46919093,829835.127701375,1211290.53402393,145103312.4808,2355.99396776697,9108.76942311127,593.163064833006,1533.27915699232,1762.83090293397,822.714810774654
"388","S12000027",6200,4000,1300,186,112,11798,0.525512798779454,0.339040515341583,0.110188167486015,0.0157653839633836,0.00949313442956433,"Shetland Islands",1033.62,642.26,102200000,146300000,53707408.0352602,34649940.6679098,11261230.7170707,1611222.24105781,970198.338701475,14064358.9421936,9649661.97660621,2324205.40769622,104922.792337684,163313.486353619,26306462.6051873,2229.7391596192,8662.48516697745,564.101034073572,1458.15612815731,1665.63812554563,771.583031461885
"389","S12000028",32700,17800,4100,1389,721,56710,0.576617880444366,0.313877622994181,0.0722976547346147,0.0244930347381414,0.0127138070886969,"South Ayrshire",1329.51,826.12,485900000,661500000,280178628.107917,152513137.012873,35129430.4355493,11901165.5792629,6177638.86439781,73370377.3426203,42473383.5267149,7250363.14759302,775003.902521601,1039881.95004408,124909009.869494,2202.59230946031,8568.15376476812,557.9581731617,1442.27732322342,1644.63413629861,760.314986236888
"390","S12000029",95100,48500,11500,4726,2085,161911,0.587359722316581,0.299547282148835,0.0710266751486928,0.0291888753698019,0.0128774450160891,"South Lanarkshire",2581.33,1603.96,1232400000,1797200000,723862121.782955,369162070.520224,87533274.453249,35972370.0057439,15870163.2378282,189557773.831302,102807945.019177,18065992.5144061,2342520.73477404,2671424.57782362,315445656.677483,1948.26575512154,7611.58908289122,495.666681077876,1281.25879032308,1452.59907404366,667.006964798459
"391","S12000030",29200,15300,4900,7710,6570,63680,0.458542713567839,0.240263819095477,0.0769472361809045,0.121074120603015,0.103172110552764,"Stirling",1197.72,744.23,604700000,810900000,277280778.894472,145287531.407035,46529993.718593,73213520.7286432,62388175.2512563,72611517.5690955,40461124.6215452,9603325.4035804,4767664.46984925,10501801.540044,137945433.604114,2166.22854277818,9495.91708542714,618.374120603015,1598.44772298995,1547.85442217516,567.780819788227
"392","S12000039",23900,12000,2500,825,410,39635,0.603002396871452,0.302762709726252,0.0630755645263025,0.0208149362936798,0.0103443925823136,"West Dunbartonshire",427.42,265.59,341200000,425900000,205744417.812539,103302636.558597,21521382.6163744,7102056.26340356,3529506.7490854,53878290.6925697,28768751.2552037,4441798.15819352,462485.90387284,594121.871073546,88145447.8809133,2223.92955420495,8608.55304654977,560.588974391321,1449.07773432572,1663.34057981363,774.851819879231
"393","S12000040",54900,27600,6400,2911,1160,92971,0.590506717148358,0.296866764905185,0.0688386701229416,0.0313108388637317,0.0124770089597832,"West Lothian",1221.65,759.1,886700000,1197400000,523602306.095449,263231760.441428,61039248.7980123,27763320.8204709,11063363.8446397,137115735.897215,73307412.9653333,12597890.5594218,1807947.45182906,1862296.03596821,226691282.909768,2438.30100687061,9537.38262468942,621.074356519775,1605.42761721397,1817.22665035084,832.873389656641
