"","LAD22CD","LAD22NM","TotHhold","VehsReg","CarOwnRates","EVReg","EVRate","CarRedincCC","CCCarOwn","CCredCarOwn","EVincCC","EVRateincCC","ChangeEVuptake"
"1","E07000240","St Albans",58312,77977,1.33723761832899,3295,0.0422560498608564,77968,1.33708327616957,-0.0134277678693922,3304,0.0423758160294476,1.06910159373811
"2","E07000241","Welwyn Hatfield",44938,58138,1.29373803907606,2240,0.0385290171660532,58129,1.29353776314033,-0.0134184876941564,2249,0.0386891450197832,1.11814017109888
"3","E07000098","Hertsmere",41999,54662,1.30150717874235,2501,0.0457539058212286,54653,1.3012928879259,-0.0132860306197767,2510,0.045925275368683,1.09059499311126
"4","E07000096","Dacorum",62230,84349,1.3554394986341,2587,0.0306701917035175,84340,1.35529487385505,-0.0135947292302748,2596,0.0307798105310584,1.0650129938728
"5","E06000056","Central Bedfordshire",110966,172975,1.55881080691383,5339,0.0308657320422026,172966,1.55872970098949,-0.0127336301209379,5348,0.0309191926783722,0.906553638594125
"6","E07000099","North Hertfordshire",56734,72493,1.27776994394895,2444,0.0337135999337867,72484,1.27761130891529,-0.0130080727606021,2453,0.0338414844450576,1.08006272302784
"7","E07000242","East Hertfordshire",58469,84142,1.43908737963707,2704,0.0321361507927076,84133,1.43893345191469,-0.0129299286801553,2713,0.0322461787149072,0.971566010959727
"8","E08000025","Birmingham",413260,432227,1.04589604607269,8354,0.0193278069162732,432218,1.04587426801529,-0.013916178676862,8363,0.0193489874346107,1.45692333047673
"9","E08000029","Solihull",89479,118456,1.32384134824931,11639,0.0982558924832849,118447,1.32374076598979,-0.0134780227762939,11648,0.0983385114142915,1.15591407989463
"10","E07000234","Bromsgrove",39986,58828,1.47121492522383,2025,0.0344223838988237,58819,1.47098984644626,-0.0130545690991847,2034,0.0345800748044883,0.953219172132889
"11","E08000028","Sandwell",128200,140524,1.09613104524181,5328,0.0379152315618684,140515,1.0960608424337,-0.0130577223088924,5337,0.0379814398360329,1.28500589285404
"12","E08000030","Walsall",111016,128082,1.15372558910427,2359,0.018417888540154,128073,1.15364451970887,-0.0135385890322116,2368,0.0184893108671549,1.23361789920781
"13","E07000218","North Warwickshire",27582,38136,1.38264085273004,926,0.0242815187749108,38127,1.38231455296933,-0.0123993909071134,935,0.0245226605119597,0.946196883719685
"14","E07000221","Stratford-on-Avon",56793,88528,1.55878365291497,2940,0.0332098319175854,88519,1.55862518268096,-0.011568327082563,2949,0.0333145051965658,0.810754894380647
"15","E07000238","Wychavon",55408,83367,1.50460222350563,2380,0.0285484664195665,83358,1.50443979208779,-0.0126696505919723,2389,0.0286591729747238,0.907552532801441
"16","E08000027","Dudley",135721,162383,1.19644712314233,3325,0.020476281384135,162374,1.19638081063358,-0.013328814258663,3334,0.0205327174749808,1.16525517932833
"17","E07000194","Lichfield",42907,62742,1.46227888223367,2078,0.0331197602881642,62733,1.4620691262498,-0.0121658470645815,2087,0.0332674466796315,0.926901718917164
"18","E07000199","Tamworth",32894,41014,1.24685352951906,977,0.0238211342468425,41005,1.24657992339028,-0.0139539125676415,986,0.024045261669024,1.17191913464043
"19","E07000134","North West Leicestershire",43654,61717,1.41377651532506,1941,0.0314500056710469,61708,1.41357034865075,-0.0119576671095432,1950,0.0315999286975968,0.908737620714252
"20","E07000236","Redditch",35248,46672,1.32410349523377,1103,0.0236330133699006,46663,1.32384816159782,-0.0140433499773037,1112,0.0238299331390365,1.13559226865018
"21","E07000222","Warwick",61525,77537,1.26025193010971,2828,0.0364729097076235,77528,1.26010564811052,-0.0125802519301097,2837,0.0365927588386281,1.12754074717866
"22","E06000022","Bath and North East Somerset",77412,91912,1.18730946106547,2911,0.0316715989207068,91903,1.18719320002067,-0.0133700201519144,2920,0.0317722841225627,1.27815679308841
"23","E06000054","Wiltshire",202518,300640,1.48451001886252,13084,0.0435204896221394,300631,1.48446557836834,-0.0126655408408142,13093,0.0435515846616461,0.954498608842276
"24","E06000025","South Gloucestershire",111971,162528,1.45151869680542,8319,0.0511850265800354,162519,1.45143831885042,-0.0132623625760241,8328,0.0512429239478218,1.00894357581202
"25","E07000189","South Somerset",73985,104266,1.40928566601338,2171,0.0208217443845549,104257,1.40916401973373,-0.0125295668040819,2180,0.0209096664044965,0.942215769105581
"26","E07000187","Mendip",49773,67427,1.35469029393446,1701,0.0252272828392187,67418,1.35450947300745,-0.0119341811825689,1710,0.0253637698571619,0.965403168928592
"27","E07000188","Sedgemoor",50895,72391,1.42235976029079,1504,0.0207760633227887,72382,1.4221829256312,-0.0123784261715296,1513,0.020902698147355,0.952789808683211
"28","E06000059","Dorset",166560,227201,1.36407901056676,5360,0.0235914454601872,227192,1.36402497598463,-0.0118335734870317,5369,0.0236318900670355,0.940879249913388
"29","E06000008","Blackburn with Darwen",58776,65328,1.11147407104941,1488,0.0227773695811903,65319,1.11132094732544,-0.013934258881176,1497,0.0229179424372321,1.36996163712726
"30","E07000120","Hyndburn",34153,37781,1.10622785699646,751,0.0198777163124322,37772,1.10596433695429,-0.0137030421924868,760,0.0201201916712996,1.32365524939072
"31","E07000125","Rossendale",30559,35953,1.17651101148598,772,0.0214724779573332,35944,1.176216499231,-0.0126640269642331,781,0.0217276394491584,1.14965796797744
"32","E07000124","Ribble Valley",27643,36369,1.31566761928879,1086,0.0298605955621546,36360,1.31534203957602,-0.0130231885106537,1095,0.0301146833145403,1.05663919951258
"33","E07000117","Burnley",39872,39645,0.994306781701445,669,0.0168747635262959,39636,0.994081059390048,-0.0135433386837881,678,0.0171052299619043,1.44934324481661
"34","E07000122","Pendle",38067,43375,1.13943835868337,686,0.0158155619596542,43366,1.13920193343316,-0.0134762392623532,695,0.0160260105610257,1.24143798716568
"35","E07000163","Craven",25355,31453,1.2405048313942,781,0.0248306997742664,31444,1.24014987182015,-0.0113587063695524,790,0.0251232310383209,0.982637984039245
"36","E07000118","Chorley",47980,62350,1.29949979157982,1867,0.029943865276664,62341,1.29931221342226,-0.0123801583993331,1876,0.0300920727599371,1.05898569831996
"37","E07000126","South Ribble",49265,61732,1.25305998173145,1672,0.0270848182466144,61723,1.25287729625495,-0.0127879833553232,1681,0.0272341390707018,1.12944309434656
"38","E08000032","Bradford",208983,225192,1.07756133273998,5025,0.022314291804327,225183,1.07751826703607,-0.0133503682117684,5034,0.022355051868694,1.34170737490628
"39","E08000035","Leeds",338626,344898,1.01852190912688,20838,0.0604178626724423,344889,1.01849533113228,-0.0128105933980261,20847,0.0604453593899504,1.50589889053645
"40","E08000034","Kirklees",178129,203112,1.1402522890714,4685,0.0230660916144787,203103,1.14020176389021,-0.0130860219279286,4694,0.0231113124310698,1.22429391556635
"41","E08000033","Calderdale",89650,95770,1.06826547685443,2244,0.0234311370993004,95761,1.0681650864473,-0.0128499721137758,2253,0.0235270775464172,1.28939848951988
"42","E07000165","Harrogate",70580,93996,1.33176537262681,4341,0.0461828162900549,93987,1.33163785775007,-0.0132615471805044,4350,0.0462825041494659,1.12323255720771
"43","E06000058","Bournemouth, Christchurch and Poole",169362,199605,1.17857016331881,4884,0.02446832494176,199596,1.17851702270875,-0.0123817621426294,4893,0.0245143965089656,1.12139976426459
"44","E07000091","New Forest",77565,108976,1.4049635789338,2805,0.0257396123917193,108967,1.40484754721846,-0.0132276155482499,2814,0.0258240951471992,0.982007537955598
"45","E08000002","Bury",80686,95049,1.17801105520165,3353,0.0352765415732938,95040,1.17789951168728,-0.0133852217237191,3362,0.0353742069212235,1.27604730652607
"46","E08000001","Bolton",118789,131944,1.11074257717465,2962,0.0224489177226702,131935,1.11066681258366,-0.0134103326065545,2971,0.0225184938151831,1.27801398004262
"47","E08000006","Salford",108379,101651,0.937921553068399,2585,0.0254301482523536,101642,0.937838511150684,-0.012456287657203,2594,0.0255206949814547,1.47475730077317
"48","E08000005","Rochdale",89756,98513,1.09756450822229,2179,0.0221189081644047,98504,1.09746423637417,-0.0134364276482909,2188,0.0222120704532765,1.29720315045352
"49","E06000043","Brighton and Hove",121401,91734,0.755628042602615,2922,0.0318529661848388,91725,0.755553908122668,-0.0122321891911928,2931,0.0319538625907594,1.94473028456968
"50","E07000228","Mid Sussex",59563,89190,1.49740610781861,2899,0.0325036439062675,89181,1.49725500730319,-0.0129946443261757,2908,0.0326074768451033,0.957008856861832
"51","E07000063","Lewes",43683,51333,1.17512533479843,1403,0.0273313463074436,51324,1.17491930499279,-0.0127738479500034,1412,0.027510959571359,1.16331927540291
"52","E07000229","Worthing",47691,54430,1.14130548740853,1213,0.022285504317472,54421,1.14111677255667,-0.0122664653708247,1222,0.0224541545698431,1.15015377602662
"53","E07000227","Horsham",57317,90094,1.57185477258056,2817,0.0312673429973139,90085,1.57169775110351,-0.0127187396409442,2826,0.0313700241990986,0.89690128687126
"54","E07000224","Arun",69024,90422,1.31000811312007,1899,0.0210015261772577,90413,1.30987772369031,-0.0122566063977747,1908,0.0211029265379255,1.03265517613337
"55","E07000223","Adur",27677,31218,1.12794016692561,903,0.0289256198347107,31209,1.12761498717347,-0.0136575495899122,912,0.0292214033963473,1.26722648317978
"56","E07000225","Chichester",51649,72747,1.40848806366048,2089,0.0287159607956342,72738,1.40831381052876,-0.0123719723518364,2098,0.0288428490905841,0.96312830062005
"57","E07000065","Wealden",65667,100807,1.53512418718687,2828,0.0280536073883758,100798,1.53498713204502,-0.0130202384759468,2837,0.0281451204873064,0.917331378249261
"58","E07000061","Eastbourne",46772,47141,1.00788933549987,981,0.0208099106934516,47132,1.0076969126828,-0.0117377918412725,990,0.0210043918273821,1.2364770079653
"59","E07000064","Rother",42098,53864,1.27949071214785,1247,0.0231508985593346,53855,1.27927692526961,-0.0123996389377168,1256,0.023321449792038,1.03509406971762
"60","E09000006","Bromley",134558,141771,1.05360513681832,4978,0.03511296386426,141762,1.05353825116307,-0.0131764740855245,4987,0.0351784316076832,1.37651031430874
"61","E09000023","Lewisham",118256,73515,0.621659788932485,2262,0.0307692307692308,73506,0.621583682857529,-0.0128619266675687,2271,0.030895016801121,2.29977975564012
"62","E09000022","Lambeth",132732,59590,0.448949763433083,2699,0.0452928343681826,59581,0.448881957628906,-0.0120694331434771,2708,0.0454499681111745,3.09868751602063
"63","E09000008","Croydon",146998,135816,0.923930937835889,4719,0.034745538080933,135807,0.923869712513095,-0.0134695710145716,4728,0.0348138548539114,1.63511813326609
"64","E07000111","Sevenoaks",48356,70523,1.45841260650178,2432,0.034485203408817,70514,1.45822648688891,-0.0137728513524692,2441,0.0346167482096008,1.01208136795823
"65","E09000011","Greenwich",105783,75679,0.715417411115208,2551,0.0337081621057361,75670,0.715332331281964,-0.0128470548197726,2560,0.0338306616801681,2.0327650661463
"66","E07000107","Dartford",39992,56470,1.4120324064813,1815,0.0321409598016646,56461,1.41180736147229,-0.0130526105221044,1824,0.032304913038858,1.03883040635501
"67","E06000024","North Somerset",92450,125414,1.35656030286641,3893,0.0310411915735085,125405,1.35646295294754,-0.0131422390481341,3902,0.0311149386791701,1.05717504806551
"68","E06000023","Bristol, City of",188810,183841,0.973682538001165,5251,0.0285627253985781,183832,0.973634871034373,-0.0125364122662995,5260,0.0286129258620596,1.42311620987705
"69","E07000028","Carlisle",49048,57051,1.16316669385092,1039,0.0182117754290021,57042,1.16298320013048,-0.0124775729897244,1048,0.0183721052539312,1.19755660707838
"70","E07000030","Eden",24615,32038,1.30156408693886,540,0.016854984705662,32029,1.30119845622588,-0.0131627056672761,549,0.0171401810802373,1.06857377172798
"71","E07000026","Allerdale",44910,52814,1.17599643731908,832,0.0157533987200364,52805,1.17579603651748,-0.0120240480961924,841,0.0159262205052456,1.10665274840342
"72","E07000029","Copeland",32752,36017,1.09968856863703,543,0.0150762140100508,36008,1.09941377625794,-0.0134648265754763,552,0.0153295009580938,1.31123326278691
"73","E06000057","Northumberland",145437,169056,1.16240021452588,4607,0.0272513250047322,169047,1.1623383320613,-0.0121908455207409,4616,0.027305853958639,1.15181578196305
"74","E07000008","Cambridge",47894,41618,0.868960621372197,2136,0.0513239463693594,41609,0.868772706393285,-0.0129661335449117,2145,0.05155010814708,1.81546585268966
"75","E07000012","South Cambridgeshire",65458,94705,1.44680558526078,4105,0.0433451243334565,94696,1.44666809251734,-0.0131993033700999,4114,0.0434438260979756,1.01241123954212
"76","E06000031","Peterborough",79001,104557,1.32348957608132,9155,0.08755989555936,104548,1.32337565347274,-0.0127593321603524,9164,0.0876526796047786,1.12278368051367
"77","E07000077","Uttlesford",35546,59696,1.67940133910989,2147,0.0359655588314125,59687,1.67914814606425,-0.0116468800990266,2156,0.0361211633829245,0.778255766319722
"78","E07000009","East Cambridgeshire",36948,52290,1.41523221825268,1513,0.0289347867661121,52281,1.41498863267295,-0.012179278986684,1522,0.0291113576374278,0.944664284233945
"79","E07000146","King's Lynn and West Norfolk",65583,86135,1.31337389262461,1748,0.0202937249666222,86126,1.31323666193983,-0.0122135309455194,1757,0.0204001068189998,0.976184956940295
"80","E07000010","Fenland",43521,57526,1.32179867190552,1056,0.0183569168723708,57517,1.32159187518669,-0.0113738195353967,1065,0.0185159428352863,0.910256809910889
"81","E07000245","West Suffolk",74620,103784,1.39083355668722,2251,0.0216892777306714,103775,1.39071294559099,-0.0120611096220852,2260,0.0217776749922911,0.973963200645441
"82","E07000067","Braintree",64381,88761,1.37868315186157,1942,0.0218789783801444,88752,1.37854335906556,-0.0121619732529784,1951,0.0219823555260104,0.938500983837537
"83","W06000015","Cardiff",145518,153500,1.05485232067511,3708,0.0241563517915309,153491,1.0547904726563,-0.0132354760235847,3717,0.0242162457978266,1.40381917289687
"84","W06000016","Rhondda Cynon Taf",105281,119466,1.13473466247471,1894,0.015853883113187,119457,1.1346491769645,-0.0131647685717271,1903,0.0159302851211304,1.23237469730095
"85","W06000014","Vale of Glamorgan",55192,71513,1.29571314683287,1862,0.0260372240012305,71504,1.2955500797217,-0.0128823017828671,1871,0.0261660023774561,1.09189914315959
"86","W06000018","Caerphilly",76254,91359,1.19808796915572,1536,0.0168127934850425,91350,1.19796994256039,-0.0129829254858761,1545,0.0169127869426717,1.13402414237662
"87","W06000022","Newport",62728,78529,1.25189707945415,1870,0.0238128589438297,78520,1.25175360285678,-0.0136302767504145,1879,0.0239299041020873,1.20817807907725
"88","W06000013","Bridgend",60726,78605,1.29442084115535,2625,0.0333948222123275,78596,1.29427263445641,-0.0130421895069657,2634,0.0335127294934921,1.11711007869511
"89","W06000012","Neath Port Talbot",64156,72049,1.12302824365609,1321,0.0183347444100543,72040,1.12288796059605,-0.0127657584637446,1330,0.0184617093044239,1.22675798338924
"90","W06000024","Merthyr Tydfil",26190,28115,1.07350133638793,376,0.0133736439622977,28106,1.07315769377625,-0.0123711340206185,385,0.0136976553883374,1.19495438371165
"91","W06000023","Powys",60184,77402,1.28608932606673,1351,0.0174543293454949,77393,1.28593978466037,-0.011813771101954,1360,0.017572421634752,0.967521474614477
"92","E06000050","Cheshire West and Chester",148715,195719,1.31606764616885,5952,0.0304109463056729,195710,1.31600712772753,-0.0128299095585516,5961,0.0304581755752104,1.09498001191527
"93","W06000005","Flintshire",66909,89379,1.33582926063758,1769,0.0197921211917788,89370,1.33569474958526,-0.0123750168138816,1778,0.0198945966812501,0.982677706238234
"94","E08000015","Wirral",141591,156040,1.10204744651849,3840,0.0246090745962574,156031,1.10198388315642,-0.0130940525880882,3849,0.0246680168170632,1.2984180965051
"95","E06000049","Cheshire East",169450,231157,1.36416051932724,8014,0.0346690777263938,231148,1.36410740631455,-0.0124284449690174,8023,0.0347092135375883,1.02093620717471
"96","W06000004","Denbighshire",42386,52218,1.23196338413627,1270,0.0243211153242177,52209,1.23175104987496,-0.0123153871561364,1279,0.0244972227542616,1.08863012201679
"97","E07000074","Maldon",27224,41614,1.52857772553629,963,0.0231412505406834,41605,1.52824713488099,-0.0132236262121657,972,0.0233620150939768,0.925994407538207
"98","E07000070","Chelmsford",71397,98470,1.379189601804,2837,0.0288108053214177,98461,1.37906354608737,-0.0134879616790621,2846,0.0289045520099125,1.07129590294095
"99","E07000072","Epping Forest",54560,71326,1.30729472140762,2436,0.034153043770855,71317,1.30712976539589,-0.012866568914956,2445,0.0342830701926582,1.06989713707945
"100","E07000066","Basildon",74834,98357,1.31433572974851,2876,0.0292404201022805,98348,1.31421546355934,-0.0132292808081888,2885,0.029334309449003,1.12394057481353
"101","E07000068","Brentwood",31026,41190,1.32759620963063,1268,0.0307841709152707,41181,1.32730613034229,-0.0133436472635854,1277,0.0310086931183527,1.07115535661676
"102","E06000034","Thurrock",64963,85526,1.31653402706156,2008,0.023478240535042,85517,1.31639548666164,-0.0135769591921555,2017,0.0235856778689866,1.09342486870643
"103","E09000016","Havering",99512,112064,1.12613554144224,3153,0.0281357081667618,112055,1.12604510008843,-0.0135662030709864,3162,0.0282180338402227,1.28436502541017
"104","E07000073","Harlow",35470,44727,1.26098111079786,964,0.0215529769490464,44718,1.26072737524669,-0.0137017197631801,973,0.0217580894027147,1.19247955978803
"105","E09000007","Camden",95689,39162,0.409263342703968,3538,0.0903426791277259,39153,0.409169288005936,-0.0125092748382782,3547,0.0905909996424376,3.88054739577261
"106","E07000071","Colchester",72435,96555,1.33298819631394,2404,0.0248977266842732,96546,1.33286394698695,-0.0130461793331953,2413,0.0249930085864916,1.08779466586787
"107","E07000076","Tendring",67454,81472,1.20781569662288,1549,0.0190126669285153,81463,1.20768227236339,-0.011874759095087,1558,0.0191250122753609,1.05948932663375
"108","E07000200","Babergh",39609,57240,1.44512610770279,1276,0.0222921034241789,57231,1.44489888661668,-0.0122699386503067,1285,0.0224524741403411,0.90841558544594
"109","E09000029","Sutton",81038,84056,1.03724178780325,2864,0.0340725230798515,84047,1.0371307287939,-0.01343814013179,2873,0.0341828478964401,1.39468898201684
"110","E07000215","Tandridge",34995,51256,1.46466638091156,1662,0.032425472139847,51247,1.46440920131447,-0.0128589798542649,1671,0.0326061504839213,0.924843579946608
"111","E07000211","Reigate and Banstead",57183,84686,1.4809646223528,3398,0.0401246959355738,84677,1.48080723291887,-0.0135354913173496,3407,0.0402347717234701,1.01258623840159
"112","E09000024","Merton",80605,67480,0.837168910117238,3811,0.0564759928867813,67471,0.837057254512747,-0.0138452949568885,3820,0.0566160777804126,1.85305940076735
"113","E07000106","Canterbury",62711,74937,1.19495782239161,2000,0.0266890854984854,74928,1.19481430689991,-0.0129163942530019,2009,0.0268120487394734,1.23713101222461
"114","E07000114","Thanet",60939,66684,1.09427460247132,1287,0.0192999820046788,66675,1.09412691379905,-0.0124058484714222,1296,0.0194372787809707,1.22199156042747
"115","E07000108","Dover",49065,60612,1.23534087435035,1177,0.0194185969774962,60603,1.23515744420666,-0.0122898196270254,1186,0.0195696653686225,1.09550745281762
"116","E07000112","Folkestone and Hythe",48339,57091,1.18105463497383,1109,0.0194251283039358,57082,1.18086844990587,-0.0124743995531558,1118,0.0195855158278296,1.16050577654518
"117","E07000113","Swale",57637,79273,1.37538386800146,1602,0.0202086460711718,79264,1.37522771830595,-0.013272724118188,1611,0.0203242288525831,1.04859096291756
"118","E07000105","Ashford",51738,74385,1.43772468978314,1962,0.0263762855414398,74376,1.43755073640264,-0.0135683636785342,1971,0.0265001277276577,1.02868766616877
"119","E08000026","Coventry",129323,149140,1.15323646992414,3002,0.020128738098431,149131,1.153166876735,-0.0135706718835783,3011,0.020190167100287,1.27771885923803
"120","E07000219","Nuneaton and Bedworth",54516,70295,1.28943796316678,1552,0.0220783839533395,70286,1.28927287401864,-0.0133722209993396,1561,0.0222089433323374,1.13126565397001
"121","E07000132","Hinckley and Bosworth",48355,65684,1.35837038568917,1750,0.026642713598441,65675,1.35818426222728,-0.0122841484851618,1759,0.0267829953103112,0.963566377031646
"122","E07000220","Rugby",43114,62594,1.45182539314376,1986,0.0317282806658785,62585,1.45161664424549,-0.0127336827944519,1995,0.0318761384335155,0.996660249289786
"123","E06000062","West Northamptonshire",166228,230981,1.38954327790745,6418,0.0277858351985661,230972,1.38948913540438,-0.0123444906995211,6427,0.0278257631844415,0.982618908641005
"124","E07000198","Staffordshire Moorlands",42355,55260,1.3046865777358,1127,0.0203944987332609,55251,1.30447408806516,-0.0125368905678196,1136,0.0205603417070875,1.00680069358804
"125","E07000195","Newcastle-under-Lyme",53423,62843,1.1763285476293,1509,0.0240122209315278,62834,1.17616008086405,-0.0134773412200737,1518,0.0241585103843399,1.22532693638361
"126","E06000051","Shropshire",137367,184243,1.341246442013,4226,0.022937099374196,184234,1.34118092409385,-0.0126449583961213,4235,0.0229869460200288,1.00795427398055
"127","E09000004","Bexley",94122,103587,1.10056097405495,2825,0.0272717619006246,103578,1.1004653534774,-0.0139606043220501,2834,0.0273607584548992,1.35095997932488
"128","E07000109","Gravesham",41170,52978,1.28681078455186,1339,0.0252746423043528,52969,1.28659217877095,-0.0139907699781394,1348,0.0254483670001888,1.15905027888496
"129","E06000015","Derby",104948,118651,1.13056942485802,4402,0.0371004037049835,118642,1.1304836681023,-0.0129492701147235,4411,0.0371787631802972,1.2532101074359
"130","E07000193","East Staffordshire",51294,65985,1.28640776699029,1575,0.0238690611502614,65976,1.28623230787227,-0.012633056497836,1584,0.0240083665519802,1.04755997196222
"131","E07000039","South Derbyshire",42222,63555,1.50525792241012,1794,0.028227519471324,63546,1.50504476339349,-0.0123632229643314,1803,0.0283727005208743,0.892968482840564
"132","E07000033","Bolsover",33995,43910,1.29166053831446,1162,0.0264632202231838,43901,1.29139579349904,-0.0127077511398735,1171,0.0266730445082229,1.05385293689515
"133","E07000036","Erewash",50335,58158,1.15541869474521,1350,0.0232126276694522,58149,1.15523989271878,-0.0130525479288765,1359,0.0233705932932072,1.19679770978183
"134","E07000032","Amber Valley",55769,70939,1.27201491868242,1875,0.0264311591649163,70930,1.2718535387043,-0.0125876382936757,1884,0.0265610240938377,1.0560505567209
"135","E07000035","Derbyshire Dales",32281,42985,1.33158824076082,1170,0.0272187972548563,42976,1.33130943898888,-0.0119884761934265,1179,0.0274332782651186,0.955021811367069
"136","E07000038","North East Derbyshire",45344,57885,1.27657462949894,1445,0.0249632892804699,57876,1.27637614678899,-0.0125044107268878,1454,0.0251222419959569,1.03080888571605
"137","E07000170","Ashfield",52915,62878,1.18828309553057,1612,0.0256369477400681,62869,1.18811301143343,-0.0125862231881319,1621,0.0257833624940353,1.14871866940695
"138","E07000176","Rushcliffe",49179,64545,1.31245043616178,2585,0.0400495778139283,64536,1.31226743122064,-0.0124443359970719,2594,0.0401939972418922,1.05075540143745
"139","E07000172","Broxtowe",48363,55239,1.14217480305192,1447,0.0261952605948696,55230,1.14198871037777,-0.0132125798647727,1456,0.0263620068439825,1.25016678057388
"140","E06000047","County Durham",232500,251875,1.08333333333333,5888,0.0233766749379653,251866,1.08329462365591,-0.012541935483871,5897,0.0234131505913835,1.30629053831862
"141","E08000037","Gateshead",89205,80995,0.907964800179362,1963,0.0242360639545651,80986,0.907863908973712,-0.0127122919118883,1972,0.0243495869707484,1.51694023472657
"142","E08000024","Sunderland",123509,118912,0.962780040320948,2714,0.0228236006458558,118903,0.962707171137326,-0.0134807989701155,2723,0.0229008275583664,1.56198934642142
"143","E06000005","Darlington",48946,55060,1.12491316961549,3915,0.07110424990919,55051,1.12472929350713,-0.0119519470436808,3924,0.0712780643754995,1.34341357701346
"144","E07000166","Richmondshire",21045,27368,1.30045141363744,504,0.0184156679333528,27359,1.3000237586125,-0.0145402708481825,513,0.01875,1.20936214212826
"145","E07000164","Hambleton",40260,55464,1.37764530551416,1411,0.0254399249963941,55455,1.3774217585693,-0.0116244411326379,1420,0.0256058857472591,0.92992742743971
"146","E06000004","Stockton-on-Tees",80982,96215,1.18810352917932,2298,0.0238840097697864,96206,1.18799239337137,-0.0133362969548789,2307,0.0239795441080171,1.2427545509482
"147","E07000167","Ryedale",23396,32097,1.37190117968884,749,0.023335514222513,32088,1.37151649854676,-0.0115404342622671,758,0.023621801863567,0.880978915369829
"148","E08000017","Doncaster",130304,150700,1.15652627701375,5262,0.0349170537491705,150691,1.15645720776031,-0.0133994351669941,5271,0.0349786319114485,1.27312198777449
"149","E06000013","North Lincolnshire",72141,91064,1.26230576232656,1937,0.0212707546341035,91055,1.26218100663977,-0.0126003243647856,1946,0.0213714637146371,1.06872796699665
"150","E07000171","Bassetlaw",52319,64641,1.23551673388253,1643,0.0254173048065469,64632,1.23534471224603,-0.0120415145549418,1652,0.0255596986059753,1.06193486190403
"151","E08000018","Rotherham",112544,131584,1.16917827694057,3077,0.0233843020428016,131575,1.16909830821723,-0.0133547767984077,3086,0.0234541253724083,1.23925063388502
"152","E06000011","East Riding of Yorkshire",150594,191849,1.27394849728409,4451,0.0232005379230541,191840,1.2738887339469,-0.0125503008087972,4460,0.0232484192638696,1.07561397075448
"153","E07000169","Selby",37760,52829,1.39907309322034,1435,0.0271631111700013,52820,1.39883474576271,-0.0119173728813559,1444,0.0273376119346472,0.966097271470676
"154","E07000142","West Lindsey",41732,55953,1.3407696731525,1432,0.0255929083337801,55944,1.34055401131027,-0.0112144157960318,1441,0.0257574403431942,0.896907070444978
"155","E06000012","North East Lincolnshire",70112,73814,1.05280123231401,1365,0.0184924269108841,73805,1.05267286627111,-0.0136068005476951,1374,0.0186163726526299,1.48221577325773
"156","E07000137","East Lindsey",64109,79571,1.24118298522828,1526,0.0191778411732918,79562,1.24104259932303,-0.0113712583256641,1535,0.0192928873974083,0.982492362775818
"157","E08000016","Barnsley",107414,120959,1.12610088070456,2953,0.0244132309294885,120950,1.12601709274396,-0.0123168302083527,2962,0.0244892559796943,1.16231466465226
"158","E07000040","East Devon",62461,85931,1.37575447078977,2031,0.0236352422292304,85922,1.37561038087767,-0.0116712828805175,2040,0.0237421877727733,0.944874057108619
"159","E07000239","Wyre Forest",44022,57478,1.30566534914361,1129,0.0196422979226835,57469,1.30546090591068,-0.0132888101403844,1138,0.019801635635984,1.07071547595962
"160","E07000196","South Staffordshire",46124,63478,1.37624663949354,1608,0.0253316109518258,63469,1.37605151331194,-0.0132685803486254,1617,0.0254766031195841,1.01982587346802
"161","E07000235","Malvern Hills",34892,50533,1.44826894417058,1406,0.0278234025290404,50524,1.44801100538805,-0.0116072452138026,1415,0.0280059376546264,0.862562297167914
"162","E08000031","Wolverhampton",103065,117477,1.13983408528598,2278,0.0193910297334797,117468,1.13974676175229,-0.0137971183233881,2287,0.0194689662804655,1.29495502172253
"163","E09000030","Tower Hamlets",105904,46130,0.435583169663091,2136,0.0463039236939085,46121,0.435498187037317,-0.0122374981114972,2145,0.0465070898920255,3.28527676505954
"164","E09000001","City of London",4915,2684,0.546083418107833,873,0.325260804769001,2675,0.544252288911495,-0.0109867751780264,882,0.329596412556054,3.78084513018352
"165","E09000012","Hackney",103094,40596,0.393776553436669,1653,0.0407182973691989,40587,0.393689254466797,-0.0125710516615904,1662,0.0409480634670346,3.59854623432223
"166","E09000031","Waltham Forest",101713,75235,0.739679293698937,2214,0.0294277929155313,75226,0.739590809434389,-0.0127417340949534,2223,0.0295505603041461,1.90601383320211
"167","E09000026","Redbridge",102287,102474,1.00182818931047,3781,0.0368971641587134,102465,1.00174020158964,-0.0141660230527829,3790,0.0369878789061738,1.52872252723023
"168","E09000025","Newham",102398,68368,0.667669290415828,2469,0.0361133863795928,68359,0.667581398074181,-0.0144143440301568,2478,0.0362492685781159,2.54343097364604
"169","E09000010","Enfield",121328,116688,0.961756560727944,3597,0.0308257918552036,116679,0.961682381643149,-0.0135747725174733,3606,0.0309050394240658,1.58307470030956
"170","E09000019","Islington",94659,33336,0.352169365828923,2219,0.0665646748260139,33327,0.352074287706399,-0.0116946090704529,2228,0.0668506961113778,3.7582015362688
"171","E09000033","Westminster",100880,49845,0.494101903251388,9535,0.19129300832581,49836,0.494012688342585,-0.0114195083267248,9544,0.191504304031142,3.20063290206317
"172","E07000095","Broxbourne",38602,50877,1.31798870524843,1237,0.0243135404996364,50868,1.31775555670691,-0.0130563183254754,1246,0.0244942892527866,1.03757339770983
"173","E09000003","Barnet",143198,138573,0.967702062877973,7878,0.0568509016908056,138564,0.967639212838168,-0.0132613583988603,7887,0.0569191354238083,1.53792461701294
"174","E07000041","Exeter",49961,55197,1.10480174536138,2581,0.0467597876696197,55188,1.10462160485178,-0.013330397710214,2590,0.046929641776441,1.56203681328975
"175","E07000042","Mid Devon",34982,48040,1.37327768566691,992,0.0206494587843464,48031,1.37302041049683,-0.0110628323137614,1001,0.0208402731512325,0.862275648316651
"176","E07000246","Somerset West and Taunton",67821,88092,1.29888972442164,1746,0.0198201879852881,88083,1.29875702216128,-0.0116777989118414,1755,0.0199241632986695,0.977483333280855
"177","E07000043","North Devon",42524,53064,1.24786003198194,1020,0.0192220714608774,53055,1.24764838679334,-0.012275420938764,1029,0.0193946019300362,1.07820378494309
"178","E07000047","West Devon",24133,33154,1.37380350557328,695,0.0209627797550823,33145,1.37343057224547,-0.0115609331620602,704,0.0212393652326073,0.895873239226458
"179","E07000046","Torridge",29808,39021,1.30907809983897,703,0.0180159401347992,39012,1.30877616747182,-0.011171497584541,712,0.0182503268141389,0.900955844997379
"180","E07000045","Teignbridge",58399,77711,1.33069059401702,1894,0.0243723539782013,77702,1.33053648178907,-0.0129454271477251,1903,0.0244906889051903,1.042285712868
"181","E06000052","Cornwall",244388,313176,1.28147044863087,6841,0.0218439471734743,313167,1.28143362194543,-0.0120054994516916,6850,0.0218732437541511,1.01889252220859
"182","E07000119","Fylde",37610,46383,1.23326243020473,1237,0.0266692538214432,46374,1.23302313214571,-0.0122042010103696,1246,0.0268679245283019,1.0736459670202
"183","E06000009","Blackpool",64797,58677,0.905551182925135,1084,0.0184740187807829,58668,0.905412287605908,-0.0130561600074078,1093,0.0186299408546251,1.63227733345362
"184","E07000128","Wyre",50768,61871,1.21870075638197,1562,0.0252460765140373,61862,1.21852347935708,-0.0122321147179325,1571,0.0253948240466838,1.12854689177863
"185","E07000081","Gloucester",52452,65768,1.25387020513994,1464,0.0222600656854397,65759,1.25369861969038,-0.0133836650652025,1473,0.0223996350364963,1.17756432860682
"186","E07000082","Stroud",50498,74386,1.47304843756188,2326,0.03126932487296,74377,1.47287021268169,-0.012297516733336,2335,0.0313936916830245,0.89520702585206
"187","E07000079","Cotswold",37529,56849,1.51480188654107,1790,0.0314869214937818,56840,1.51456207199766,-0.0122305417144075,1799,0.0316496894847029,0.894719372297481
"188","E07000080","Forest of Dean",37216,52570,1.41256448839209,1239,0.0235685752330226,52561,1.41232265692175,-0.012091573516767,1248,0.0237433887599406,0.894344758022936
"189","W06000021","Monmouthshire",39812,56405,1.416783884256,1539,0.0272848151759596,56396,1.41655782176228,-0.0126594996483472,1548,0.0274482685249215,0.97155064994074
"190","E06000019","Herefordshire, County of",82186,110541,1.34501009904363,2596,0.0234844989641852,110532,1.34490059134159,-0.0127028934368384,2605,0.02356762233903,1.02213983711255
"191","E07000083","Tewkesbury",37661,57032,1.51435171662994,1746,0.0306143919203254,57023,1.514112742625,-0.0119487002469398,1755,0.0307765151515152,0.860376737280393
"192","E07000078","Cheltenham",51643,58376,1.13037584958271,1683,0.0288303412361244,58367,1.13020157620588,-0.0130705032627849,1692,0.0289884868421053,1.25333868572295
"193","E07000181","West Oxfordshire",46849,67853,1.44833400926381,2083,0.030698716342682,67844,1.4481419027087,-0.0126790326367692,2092,0.0308349915247992,0.947045410149617
"194","E07000180","Vale of White Horse",54177,79669,1.47053177547668,3070,0.0385344362299012,79660,1.47036565332152,-0.012625283792015,3079,0.0386512848194223,0.956912330952723
"195","E07000209","Guildford",55758,78248,1.40335019190071,3047,0.0389402924036397,78239,1.40318878008537,-0.0135585924889702,3056,0.0390593047034765,1.06778857928693
"196","E07000216","Waverley",52444,77063,1.46943406300053,2955,0.0383452499902677,77054,1.46926245137671,-0.0140721531538403,2964,0.0384660307572513,1.01621966322863
"197","E07000085","East Hampshire",51276,79048,1.54161791091349,2526,0.0319552676854569,79039,1.54144239020204,-0.0126374912239644,2535,0.0320723684210526,0.893884980940488
"198","E07000089","Hart",38596,63428,1.64338273396207,2413,0.0380431355237435,63419,1.64314954917608,-0.0132915328013265,2422,0.0381898454746137,0.863511682050763
"199","E07000092","Rushmoor",37974,54071,1.42389529678201,5103,0.0943759131512271,54062,1.42365829251593,-0.0137462474324538,5112,0.0945563509239221,1.06762769907868
"200","E07000214","Surrey Heath",36005,55628,1.54500763782808,2295,0.0412562019127058,55619,1.54475767254548,-0.0137480905429801,2304,0.0414239482200647,0.936064367646311
"201","E06000036","Bracknell Forest",46172,75771,1.64105951659014,2643,0.034881419012551,75762,1.64086459325998,-0.0146192497617604,2652,0.0350038937212096,1.02645264721751
"202","E07000217","Woking",41019,55478,1.3524951851581,1684,0.0303543747070911,55469,1.35227577464102,-0.0133840415417246,1693,0.0305210023436092,1.0708239307627
"203","E07000212","Runnymede",34832,46678,1.34008957280661,1618,0.0346630104117571,46669,1.33983118971061,-0.0134359209921911,1627,0.0348617955860296,1.07081440507889
"204","E07000094","Winchester",50489,72891,1.44370060805324,2910,0.0399226241922871,72882,1.44352235140328,-0.0124779654974351,2919,0.0400504918842528,1.00704453741789
"205","E07000084","Basingstoke and Deane",73184,102675,1.4029705946655,3043,0.0296372047723399,102666,1.40284761696546,-0.0134045693047661,3052,0.0297271762104668,1.04602273378261
"206","E09000005","Brent",113865,92173,0.809493698678259,6517,0.0707040022566261,92164,0.80941465770869,-0.0136740877354762,6526,0.0708077903759562,2.04775543642034
"207","E09000009","Ealing",131750,115132,0.873867172675522,7928,0.0688600910259528,115123,0.873798861480076,-0.0133889943074004,7937,0.068943052708384,1.73931931864831
"208","E09000015","Harrow",85498,96179,1.12492689887483,4300,0.0447083043075931,96170,1.12482163325458,-0.0144213899740345,4309,0.0448056066797683,1.38327301059454
"209","E09000017","Hillingdon",103695,130507,1.25856598678818,8270,0.0633682484464435,130498,1.25847919378948,-0.0139736727903949,8279,0.0634410991655108,1.2241758922504
"210","E07000102","Three Rivers",35693,50762,1.42218362143838,2056,0.0405027382687837,50753,1.42193147115681,-0.0133639649230942,2065,0.0406864483587501,1.01660722219378
"211","E06000060","Buckinghamshire",212041,322372,1.52032861569225,11776,0.0365292271040909,322363,1.52028617107069,-0.0135398342773331,11785,0.0365580523879838,0.96943639802136
"212","E07000179","South Oxfordshire",58749,88265,1.50240855163492,3185,0.0360845182122019,88256,1.502255357538,-0.0136342746259511,3194,0.0361897639847264,0.988744448459427
"213","E07000177","Cherwell",60461,91992,1.52150973354725,3105,0.0337529350378294,91983,1.52136087725972,-0.0138436347397496,3114,0.0338537136893373,1.05369014032055
"214","E06000032","Luton",76350,92196,1.2075442043222,1690,0.0183305132543711,92187,1.20742632612967,-0.0142632612966601,1699,0.018429730550614,1.2434463804863
"215","E06000010","Kingston upon Hull, City of",114553,101410,0.885267081612878,1678,0.0165466916477665,101401,0.885188515359702,-0.0130419980271141,1687,0.0166367527267707,1.63539681257439
"216","E09000002","Barking and Dagenham",71485,65848,0.921144296006155,2342,0.0355667598104726,65839,0.921018395467581,-0.0138490592431979,2351,0.0357077764277035,1.7752957200678
"217","E07000202","Ipswich",59505,64355,1.08150575581884,1379,0.0214280164711367,64346,1.08135450802454,-0.012856062515755,1388,0.0215705471894572,1.25706196140009
"218","E07000203","Mid Suffolk",43879,67606,1.54073702682377,2012,0.0297606721296926,67597,1.54053191731808,-0.0114861323184211,2021,0.029897334240658,0.798063652775768
"219","E07000244","East Suffolk",111917,140933,1.25926356138924,3112,0.0220814145728821,140924,1.25918314465184,-0.0117408436609273,3121,0.022146531843179,1.00786807684389
"220","E07000149","South Norfolk",58107,86659,1.49136937029962,2358,0.0272100993549429,86650,1.49121448362504,-0.0125458206412308,2367,0.0273164764399718,0.927708321943946
"221","E07000143","Breckland",59229,82369,1.39068699454659,1726,0.0209544853039372,82360,1.3905350419558,-0.0118523020817505,1735,0.0210657957042775,0.89639076680318
"222","E09000021","Kingston upon Thames",65038,63082,0.969925274454934,2687,0.0425953520814178,63073,0.969786893815923,-0.0135613026230819,2696,0.0427434442083901,1.54168359555069
"223","E09000027","Richmond upon Thames",80703,74341,0.921167738497949,4040,0.0543441707805921,74332,0.921056218480106,-0.0128248020519683,4049,0.054471096282943,1.52962403098669
"224","E07000207","Elmbridge",54983,77978,1.41822017714566,4249,0.0544897278719639,77969,1.41805649018788,-0.0132586435807431,4258,0.0546107477234834,1.0041553160756
"225","E07000210","Mole Valley",37139,56943,1.53323999030669,2648,0.0465026429938711,56934,1.53299765744904,-0.0130859743127171,2657,0.0466672521296215,0.942531507808044
"226","E07000213","Spelthorne",41108,54608,1.32840323051474,1420,0.0260035159683563,54599,1.32818429502773,-0.0131361292205897,1429,0.0261721611721612,1.03200191830205
"227","E07000208","Epsom and Ewell",29964,39759,1.32689227072487,1476,0.0371236701124274,39750,1.32659191029235,-0.013215859030837,1485,0.0373575507534402,1.05811680692222
"228","E08000012","Liverpool",206449,165441,0.801364986025604,3908,0.0236217140853839,165432,0.801321391723864,-0.0129911019186337,3917,0.0236772590716483,1.84602926324349
"229","E08000011","Knowsley",65065,64708,0.994513179128564,1701,0.0262873215058416,64699,0.994374855913317,-0.0135556750941366,1710,0.0264296754250386,1.50587117887317
"230","E08000014","Sefton",121806,128208,1.05255898724201,2995,0.0233604767253214,128199,1.05248509925619,-0.0139648293187528,3004,0.0234321372854914,1.47027196921993
"231","E06000006","Halton",55308,65312,1.18087799233384,3079,0.0471429446349829,65303,1.18071526723078,-0.0128552831416793,3088,0.0472865368124464,1.23613130857482
"232","E07000127","West Lancashire",48526,61961,1.27686188847216,1918,0.0309549555365472,61952,1.27667642088777,-0.0135391336603058,1927,0.0311042241699353,1.17990136595782
"233","E08000013","St. Helens",79759,89278,1.11934703293672,2119,0.0237348506910997,89269,1.11923419300643,-0.0134279517045098,2128,0.0238377954519996,1.27809724919522
"234","E07000121","Lancaster",60812,65467,1.07654739196211,1523,0.0232636290039256,65458,1.07639939485628,-0.0131717424192594,1532,0.023403962785866,1.33743411818345
"235","E07000031","South Lakeland",49240,58571,1.18950040617384,1401,0.0239196872172235,58562,1.18931762794476,-0.0107839155158408,1410,0.0240766354182675,0.98494210890307
"236","E07000027","Barrow-in-Furness",32187,30774,0.956100288936527,354,0.0115032170013648,30765,0.955820672942492,-0.0137011837077081,363,0.0117987388675811,1.53652191569999
"237","E06000016","Leicester",123107,133360,1.08328527216162,4073,0.0305413917216557,133351,1.08321216502717,-0.0140365698132519,4082,0.03061071449997,1.45791673189797
"238","E07000129","Blaby",42576,58790,1.38082487786546,1922,0.032692634801837,58781,1.38061349116873,-0.0126832018038331,1931,0.0328501922357184,0.971336093039556
"239","E07000130","Charnwood",71626,92928,1.2974059698992,2910,0.0313145661157025,92919,1.29728031720325,-0.0124396168988915,2919,0.0314141196728368,1.07464691841852
"240","E07000133","Melton",22599,30624,1.3551042081508,801,0.0261559561128527,30615,1.35470596044073,-0.01194743130227,810,0.0264567546380977,0.941596179873578
"241","E07000131","Harborough",37110,63465,1.71018593371059,2769,0.0436303474355944,63456,1.70994341147939,-0.0113985448666128,2778,0.0437776762216934,0.784417965422911
"242","E06000017","Rutland",14906,23211,1.55715819133235,677,0.0291672052044289,23202,1.55655440762109,-0.0138870253589159,686,0.0295651424384778,0.971518026245883
"243","E06000061","North Northamptonshire",141741,197954,1.39658955418686,6862,0.0346646190529113,197945,1.39652605809187,-0.0123182424280907,6871,0.0347114869711942,0.977503252342411
"244","E07000135","Oadby and Wigston",22618,30915,1.36683172694314,765,0.024745269286754,30906,1.36643381377664,-0.0143248739941639,774,0.0250428705471252,1.1443124737226
"245","W06000006","Wrexham",59306,71557,1.20657269079014,1236,0.01727294324804,71548,1.20642093548713,-0.0128992007554042,1245,0.0174006624830536,1.13713890431072
"246","W06000003","Conwy",52233,61856,1.18423219037773,1256,0.0203052250387998,61847,1.18405988551299,-0.0122336453965884,1265,0.0204533695511577,1.08695208732656
"247","W06000002","Gwynedd",53276,61709,1.15828891057887,1029,0.0166750392973472,61700,1.1581199789774,-0.0123320069074255,1038,0.0168230660767248,1.12638698404765
"248","W06000001","Isle of Anglesey",33815,39242,1.16049090640248,671,0.0170990265531828,39233,1.16022475232885,-0.0117107792399823,680,0.017331905999898,1.09650267128474
"249","E07000138","Lincoln",40886,40333,0.986474587878491,832,0.0206282696551211,40324,0.986254463630583,-0.0125470821308027,841,0.02085554866708,1.34844188975059
"250","E07000175","Newark and Sherwood",51017,67786,1.32869435678303,1966,0.0290030389755997,67777,1.32851794499873,-0.0123488249015034,1975,0.0291392487237747,1.01708722342135
"251","E07000139","North Kesteven",49569,68965,1.39129294518752,1863,0.0270137026027695,68956,1.39111138009643,-0.0116201658294499,1872,0.0271473526980582,0.896136557186258
"252","E07000136","Boston",27619,37028,1.34067127701944,644,0.0173922437074646,37019,1.34034541438865,-0.011731054708715,653,0.0176391139924365,0.929032893135332
"253","E08000036","Wakefield",149115,173876,1.16605304630654,4072,0.0234189882444961,173867,1.16599269020555,-0.012614425108138,4081,0.0234718292037638,1.17000965771387
"254","E08000003","Manchester",207363,176233,0.849876786119028,4136,0.0234689303365431,176224,0.849833383969175,-0.01223940625859,4145,0.0235210668179884,1.68162163037118
"255","E08000004","Oldham",92714,100272,1.08151951161637,2024,0.0201850965374182,100263,1.08142243889812,-0.0136872532735078,2033,0.0202764701188861,1.35177337921981
"256","E08000008","Tameside",98929,102673,1.03784532341376,1987,0.0193527022683666,102664,1.03775434907863,-0.012827381253222,1996,0.019441874056397,1.29876426323074
"257","E08000009","Trafford",95518,112663,1.17949496429992,3706,0.032894561657332,112654,1.17940074122155,-0.0130027848154275,3715,0.032976787537171,1.16704664973415
"258","E08000007","Stockport",125783,152240,1.21033844001177,8170,0.0536652653704677,152231,1.21026688821224,-0.013594841910274,8179,0.0537272058437122,1.22721008736044
"259","E08000010","Wigan",143101,161648,1.12960775955444,3471,0.021472582401267,161639,1.12954486691218,-0.0125785284519325,3480,0.0215293244246474,1.18631131331918
"260","E06000035","Medway",107200,138876,1.29548507462687,3330,0.0239782251792966,138867,1.29540111940299,-0.0136847014925373,3339,0.0240444162802085,1.15396973484855
"261","E07000115","Tonbridge and Malling",49926,75675,1.51574330008412,2401,0.0317277832837793,75666,1.51556303328927,-0.0129792092296599,2410,0.0318500799555949,0.942582567694445
"262","E07000110","Maidstone",69089,98490,1.42555254816252,2602,0.0264189257792669,98481,1.42542228140514,-0.0123753419502381,2611,0.0265124591295871,0.946401471795585
"263","E06000042","Milton Keynes",103408,157086,1.51908943215225,18030,0.114777892364692,157077,1.51900239826706,-0.0132291505492805,18039,0.114841034390558,1.0754136055455
"264","E06000055","Bedford",66629,98662,1.48076663314773,3024,0.0306500983154609,98653,1.48063155682961,-0.013912860766333,3033,0.0307438117055568,1.14508536788289
"265","E07000011","Huntingdonshire",72817,106628,1.46432838485518,3676,0.0344749971864801,106619,1.46420478734361,-0.0129777387148605,3685,0.0345619958731945,0.977195022261445
"266","E09000014","Haringey",103737,60855,0.58662772202782,2664,0.0437761893024402,60846,0.586540964169004,-0.0125798895283264,2673,0.0439298568540766,2.37606324412665
"267","E08000021","Newcastle upon Tyne",120408,104452,0.867483888113747,2863,0.0274097192969019,104443,0.867409142249684,-0.013080526210883,2872,0.0274979893531462,1.76945973849265
"268","E08000022","North Tyneside",94836,93585,0.986808806782235,2526,0.026991505048886,93576,0.986713906111603,-0.0124319878527142,2535,0.0270899900616605,1.39018697904169
"269","E08000023","South Tyneside",67688,62650,0.925570263562227,1381,0.0220430965682362,62641,0.92543730055549,-0.0135622266871528,1390,0.0221895852622841,1.59651280157017
"270","E06000018","Nottingham",128639,103708,0.806194078001228,2728,0.0263046245226983,103699,0.806124114770793,-0.0127333079392719,2737,0.0263934426229508,1.90560784626489
"271","E07000174","Mansfield",47422,55608,1.17262030281304,1309,0.023539778449144,55599,1.17243051748134,-0.0127156172240732,1318,0.023705035971223,1.1681435402273
"272","E07000141","South Kesteven",61145,81576,1.3341401586393,2006,0.0245905658527018,81567,1.33399296753618,-0.0119224793523591,2015,0.0247033150255002,0.969186204120804
"273","E07000173","Gedling",51552,59438,1.15297175667287,1602,0.0269524546586359,59429,1.15279717566729,-0.0134427374301676,1611,0.0271075214538112,1.24544953848533
"274","W06000020","Torfaen",40245,48602,1.20765312461175,909,0.0187029340356364,48593,1.20742949434712,-0.0134178158777488,918,0.0188912211384121,1.1628005893598
"275","W06000019","Blaenau Gwent",31400,35094,1.11764331210191,382,0.0108850515757679,35085,1.11735668789809,-0.0134713375796178,391,0.0111440460582569,1.24437649392045
"276","E07000148","Norwich",63004,53757,0.853231540854549,1109,0.0206298714586007,53748,0.853088692781411,-0.0118563900704717,1118,0.0208003869839439,1.46567796980158
"277","E07000144","Broadland",57086,79573,1.39391444487265,1978,0.024857677855554,79564,1.39375678800406,-0.0132431769610763,1987,0.0249732922767549,0.994368345232996
"278","E07000147","North Norfolk",48831,60486,1.2386803465012,1227,0.0202856859438548,60477,1.23849603735332,-0.0114271671683971,1236,0.0204371837693045,0.998817440586454
"279","E07000145","Great Yarmouth",45618,48757,1.06881055723618,796,0.0163258609020243,48748,1.06861326669297,-0.0120347231356044,805,0.0165131592442922,1.23840005265648
"280","E09000013","Hammersmith and Fulham",79733,44036,0.552293278818055,6340,0.143973112907621,44027,0.552180402091982,-0.0127550700462795,6349,0.144203688561824,2.88113577324495
"281","E09000020","Kensington and Chelsea",68812,37639,0.546983084345754,2879,0.0764898111001886,37630,0.546852293204674,-0.0134714875312445,2888,0.0767452366400043,3.01444865854751
"282","E07000178","Oxford",54900,48367,0.881001821493625,2009,0.0415365848615792,48358,0.880837887067395,-0.0136065573770492,2018,0.0417295643003371,1.79332923016602
"283","E06000037","West Berkshire",65573,94878,1.44690650115139,3128,0.0329686544825987,94869,1.44676924953868,-0.0133134064325256,3137,0.0330663012543481,0.990950641973342
"284","E07000140","South Holland",39498,56344,1.42650260772697,1200,0.0212977424393014,56335,1.42627474808851,-0.0111651222846726,1209,0.0214605225788128,0.833895329112439
"285","E06000026","Plymouth",112465,118561,1.05420352998711,1876,0.0158230784153305,118552,1.05412350509047,-0.0128840083581559,1885,0.0159000615758353,1.35490494810062
"286","E07000044","South Hams",39333,53337,1.35603691556708,1519,0.0284792920486717,53328,1.35580810006864,-0.011211959423385,1528,0.0286523280016501,0.892775680173893
"287","E06000044","Portsmouth",86156,84180,0.977064859092808,5438,0.064599667379425,84171,0.976960397418636,-0.0130577092715539,5447,0.0647127310744666,1.50917831735409
"288","E07000090","Havant",53119,66811,1.25776087652252,1642,0.0245767912469504,66802,1.25759144562209,-0.0132156102336264,1651,0.0247144589314851,1.12361757192812
"289","E07000088","Gosport",34317,40369,1.17635574205204,659,0.0163244073422676,40360,1.17609348136492,-0.013899816417519,668,0.0165506305592032,1.27326909025943
"290","E07000087","Fareham",48636,66346,1.36413356361543,1932,0.0291200675247943,66337,1.36394851550292,-0.0135085122131754,1941,0.029259248093099,1.04064648818542
"291","E06000046","Isle of Wight",64775,73130,1.12898494789657,1566,0.0214139204156981,73121,1.12884600540332,-0.0123658818988807,1575,0.0215393452039058,1.16012835928602
"292","E07000123","Preston",58614,66655,1.13718565530419,1710,0.0256544895356687,66646,1.13703210837001,-0.0132050363394411,1719,0.0257926088196018,1.36732110831417
"293","E06000038","Reading",65639,68092,1.03737107512302,1749,0.0256858368090231,68083,1.03723396151678,-0.0133000198052987,1758,0.0258210445919746,1.44132321253877
"294","E06000041","Wokingham",67679,102978,1.52156503494437,4087,0.0396880887179786,102969,1.52143205425612,-0.013165088136645,4096,0.0397785762843547,0.963710530920261
"295","E06000040","Windsor and Maidenhead",60932,91122,1.49547036040176,9136,0.100261188297008,91113,1.49532265476269,-0.0131458018775028,9145,0.100368768795136,0.985674341206731
"296","E07000093","Test Valley",48807,77893,1.59593910709529,2469,0.0316973283863762,77884,1.59575470731657,-0.0130923842891389,2478,0.0318161391795596,0.95187730527856
"297","E07000226","Crawley",44636,55950,1.25347253338113,1378,0.0246291331546023,55941,1.25327090241061,-0.0133076440541267,1387,0.024793536162454,1.1291204102936
"298","E08000019","Sheffield",233918,231650,0.990304294667362,6490,0.0280164040578459,231641,0.990265819646201,-0.0132738823006353,6499,0.0280562246915499,1.54186179037462
"299","E07000034","Chesterfield",48059,56561,1.17690755113506,6451,0.114053853361857,56552,1.17672028132088,-0.0129216171788843,6460,0.114229130196453,1.28894619975368
"300","E07000037","High Peak",40775,48170,1.18136112814224,1193,0.0247664521486402,48161,1.18114040465972,-0.0130226854690374,1202,0.0249574353224534,1.1792819781463
"301","W06000011","Swansea",103962,125729,1.20937457917316,3926,0.0312258906059859,125720,1.20928800908024,-0.0128123737519478,3935,0.0312994646876815,1.23272493804388
"302","W06000010","Carmarthenshire",82848,105654,1.275275202781,2025,0.0191663353966722,105645,1.27516657010429,-0.0121668597914252,2034,0.0192529769229313,1.02034453641355
"303","W06000009","Pembrokeshire",56492,70577,1.2493273383842,1413,0.0200206866259546,70568,1.24916802379098,-0.0113113361183884,1422,0.0201504910087999,0.999843844672935
"304","W06000008","Ceredigion",34428,38589,1.12086092715232,707,0.0183212832672523,38580,1.1205995120251,-0.0120250958522133,716,0.0185583577408569,1.204938351506
"305","E09000028","Southwark",126536,54543,0.431047290889549,4343,0.0796252498029078,54534,0.430976164885882,-0.0118069166087121,4352,0.0798019620427249,3.35774657464881
"306","E07000243","Stevenage",35117,42263,1.20349118660478,843,0.0199465253294844,42254,1.20323490047555,-0.0133268787197084,852,0.0201632942847,1.15854149388297
"307","E06000039","Slough",50130,69700,1.39038499900259,5789,0.0830559540889527,69691,1.39020546578895,-0.0143626570915619,5798,0.0831946277908512,1.12906566141166
"308","E06000030","Swindon",90607,118338,1.30605803083647,6776,0.0572597137014315,118329,1.30595870076263,-0.0131115697462669,6785,0.0573396433702358,1.14299969788393
"309","E06000045","Southampton",99847,99770,0.999228820094745,1902,0.0190638468477498,99761,0.999138682183741,-0.0133404108285677,1911,0.0191555903049257,1.4096797866312
"310","E07000086","Eastleigh",53811,78689,1.46232183010909,2418,0.0307285643482571,78680,1.46215457806025,-0.0128784077604951,2427,0.030846074655889,0.956512147803877
"311","E06000033","Southend-on-Sea",77435,81941,1.05819074062117,1550,0.018916049352583,81932,1.05807451410861,-0.0124362368438045,1559,0.0190277421795858,1.24643884194563
"312","E07000075","Rochford",35552,50318,1.41533528352835,1151,0.0228745180651059,50309,1.41508213321332,-0.0134169666966697,1160,0.0230570463128603,1.00494834585833
"313","E07000069","Castle Point",37384,49559,1.32567408517013,856,0.0172723420569422,49550,1.32543334046651,-0.0137224481061417,865,0.0174567617202478,1.06470302528581
"314","E06000021","Stoke-on-Trent",107707,117228,1.08839722580705,2624,0.0223837308492852,117219,1.08831366577845,-0.0132860445467797,2633,0.0224620371950179,1.29986903060106
"315","E07000197","Stafford",59962,76804,1.28087788932991,2263,0.0294646112181657,76795,1.2807277942697,-0.0120076048163837,2272,0.0295848742121986,1.02443857735683
"316","E09000032","Wandsworth",132050,75320,0.570390003786445,3594,0.047716409984068,75311,0.57032184778493,-0.0121999242711094,3603,0.0478409815168897,2.42676053224697
"317","E09000018","Hounslow",97692,94840,0.970806207263645,4268,0.0450021088148461,94831,0.970714080989232,-0.0130819309667117,4277,0.0451008098532141,1.49969554905978
"318","E06000020","Telford and Wrekin",72094,96842,1.34327405886759,2597,0.0268168769748663,96833,1.34314922184925,-0.0134823979804145,2606,0.0269120350290187,1.14796986729091
"319","E07000116","Tunbridge Wells",47633,63346,1.32987634623055,1845,0.0291257537966091,63337,1.32968740159133,-0.0128482354670082,1854,0.0292715273611418,1.03224758225006
"320","E07000062","Hastings",40451,39354,0.972880769325851,680,0.0172790567667836,39345,0.972658277916492,-0.011792044696052,689,0.0175113099171453,1.33199958759343
"321","E06000027","Torbay",61650,68094,1.10452554744526,1231,0.0180779510676418,68085,1.1043795620438,-0.012992700729927,1240,0.0182122609640748,1.2537824872291
"322","E06000053","Isles of Scilly",942,567,0.601910828025478,89,0.156966490299824,558,0.592356687898089,-0.00955414012738853,98,0.175313059033989,1.83465687341657
"323","E06000002","Middlesbrough",57867,61498,1.06274733440476,982,0.0159679989593157,61489,1.06259180534674,-0.0133754989890611,991,0.016116441697837,1.47526236364372
"324","E06000003","Redcar and Cleveland",61636,67029,1.08749756635732,1163,0.0173506989512002,67020,1.08735154779674,-0.0128496333311701,1172,0.0174870562957879,1.28314236002512
"325","E07000168","Scarborough",54412,51330,0.943358082775858,860,0.0167543346970583,51321,0.943192678085716,-0.0117437330000735,869,0.0169323097307198,1.3805864699786
"326","E06000001","Hartlepool",41869,41966,1.00231674986267,795,0.0189439069723109,41957,1.00210179368984,-0.0124674580238363,804,0.0191620191620192,1.35806246885461
"327","E06000007","Warrington",87636,112812,1.28727920032863,3718,0.0329574867921852,112803,1.28717650280707,-0.0130425852389429,3727,0.0330396085245204,1.10812132107924
"328","E07000103","Watford",36734,43934,1.19600370229215,1355,0.0308417171211363,43925,1.19575869766429,-0.0129852452768552,1364,0.0310522241952374,1.14750578560673
"329","E07000237","Worcester",43957,52667,1.19814819027686,1217,0.0231074486870336,52658,1.19794344473008,-0.0128989694474145,1226,0.0232818701456541,1.17237701088828
"330","E07000192","Cannock Chase",42993,54181,1.26022840927593,1525,0.0281463981838652,54172,1.26001907287233,-0.0125601842160352,1534,0.0283166891255792,1.06882810119959
"331","E06000014","York",84877,85658,1.00920155047893,2595,0.0302948936468281,85649,1.00909551468596,-0.0127242951565206,2604,0.0304028021015762,1.45905155873685
